time,open,high,low,close,volume,spread
2026-04-17T23:21:15.050Z,0.61013,0.61092,0.6089,0.6097,1227,2
2026-04-18T00:21:15.050Z,0.60984,0.61094,0.60923,0.61038,1789,2
2026-04-18T01:21:15.050Z,0.61029,0.6125,0.60964,0.61147,1713,2
2026-04-18T02:21:15.050Z,0.61143,0.61465,0.60934,0.61303,1954,2
2026-04-18T03:21:15.050Z,0.61307,0.6142,0.61183,0.61245,1740,2
2026-04-18T04:21:15.050Z,0.6124,0.61297,0.61008,0.61167,1662,2
2026-04-18T05:21:15.050Z,0.61169,0.61327,0.60922,0.61058,1851,2
2026-04-18T06:21:15.050Z,0.61053,0.61173,0.60707,0.60848,1722,2
2026-04-18T07:21:15.050Z,0.60864,0.61228,0.60759,0.61058,1996,2
2026-04-18T08:21:15.050Z,0.61047,0.61235,0.60974,0.61121,1546,2
2026-04-18T09:21:15.050Z,0.6111,0.61194,0.60829,0.6095,1410,2
2026-04-18T10:21:15.050Z,0.60938,0.61012,0.60783,0.60898,1505,2
2026-04-18T11:21:15.050Z,0.60892,0.60931,0.6087,0.60881,979,2
2026-04-18T12:21:15.050Z,0.60897,0.61158,0.60773,0.61005,1435,2
2026-04-18T13:21:15.050Z,0.61016,0.61078,0.60765,0.6086,1456,2
2026-04-18T14:21:15.050Z,0.60843,0.61008,0.6061,0.60752,1250,2
2026-04-18T15:21:15.050Z,0.60756,0.60973,0.60585,0.60849,1365,2
2026-04-18T16:21:15.050Z,0.60852,0.61338,0.60567,0.61081,1891,2
2026-04-18T17:21:15.050Z,0.61081,0.61163,0.60832,0.60933,1415,2
2026-04-18T18:21:15.050Z,0.60925,0.61072,0.60701,0.60772,1652,2
2026-04-18T19:21:15.050Z,0.6076,0.61053,0.60416,0.60638,1357,2
2026-04-18T20:21:15.050Z,0.60639,0.60893,0.60172,0.60344,2594,2
2026-04-18T21:21:15.050Z,0.6033,0.60798,0.60178,0.60479,1450,2
2026-04-18T22:21:15.050Z,0.60465,0.60788,0.59829,0.60244,2255,2
2026-04-18T23:21:15.050Z,0.60254,0.60317,0.60207,0.60296,1154,2
2026-04-19T00:21:15.050Z,0.60282,0.60598,0.60212,0.60445,1615,2
2026-04-19T01:21:15.050Z,0.60438,0.6059,0.60366,0.6055,1361,2
2026-04-19T02:21:15.050Z,0.60539,0.61128,0.60301,0.60798,1759,2
2026-04-19T03:21:15.050Z,0.60784,0.60934,0.60666,0.60877,1142,2
2026-04-19T04:21:15.050Z,0.6089,0.6112,0.60746,0.61073,2195,2
2026-04-19T05:21:15.050Z,0.61066,0.6132,0.60648,0.61207,1377,2
2026-04-19T06:21:15.050Z,0.61203,0.61338,0.61097,0.61293,1912,2
2026-04-19T07:21:15.050Z,0.61297,0.61807,0.60603,0.60891,2217,2
2026-04-19T08:21:15.050Z,0.60881,0.61354,0.60687,0.6114,2067,2
2026-04-19T09:21:15.050Z,0.6115,0.61673,0.60821,0.61346,1658,2
2026-04-19T10:21:15.050Z,0.61343,0.62021,0.6102,0.61606,2287,2
2026-04-19T11:21:15.050Z,0.61618,0.62206,0.61386,0.61918,1848,2
2026-04-19T12:21:15.050Z,0.61909,0.62645,0.61724,0.62114,2291,2
2026-04-19T13:21:15.050Z,0.62121,0.62145,0.62048,0.62067,1033,2
2026-04-19T14:21:15.050Z,0.62082,0.62591,0.61985,0.62297,1656,2
2026-04-19T15:21:15.050Z,0.62282,0.62316,0.62186,0.62231,1717,2
2026-04-19T16:21:15.050Z,0.62239,0.62559,0.6207,0.62452,1894,2
2026-04-19T17:21:15.050Z,0.62463,0.63064,0.6175,0.62805,2177,2
2026-04-19T18:21:15.050Z,0.62791,0.63308,0.62531,0.6308,2075,2
2026-04-19T19:21:15.050Z,0.63071,0.63119,0.63009,0.63047,1563,2
2026-04-19T20:21:15.050Z,0.6304,0.63368,0.62986,0.63214,1473,2
2026-04-19T21:21:15.050Z,0.63225,0.63305,0.63148,0.63262,1562,2
2026-04-19T22:21:15.050Z,0.63279,0.63628,0.63188,0.63447,2101,2
2026-04-19T23:21:15.050Z,0.63435,0.63495,0.63253,0.6333,1249,2
2026-04-20T00:21:15.050Z,0.63327,0.6354,0.63023,0.63215,1549,2
2026-04-20T01:21:15.050Z,0.6321,0.63353,0.63154,0.63295,1729,2
2026-04-20T02:21:15.050Z,0.6331,0.63381,0.63289,0.63342,1033,2
2026-04-20T03:21:15.050Z,0.63343,0.63529,0.62854,0.63154,2170,2
2026-04-20T04:21:15.050Z,0.6317,0.63321,0.63126,0.63273,1898,2
2026-04-20T05:21:15.050Z,0.63285,0.63323,0.63162,0.63233,1213,2
2026-04-20T06:21:15.050Z,0.63232,0.63376,0.63214,0.63322,1960,2
2026-04-20T07:21:15.050Z,0.63331,0.63515,0.62834,0.63118,1522,2
2026-04-20T08:21:15.050Z,0.63121,0.6316,0.62947,0.62996,1812,2
2026-04-20T09:21:15.050Z,0.62994,0.63211,0.6253,0.62763,1702,2
2026-04-20T10:21:15.050Z,0.62757,0.62779,0.62724,0.62745,1368,2
2026-04-20T11:21:15.050Z,0.62745,0.6295,0.62642,0.62801,1093,2
2026-04-20T12:21:15.050Z,0.62815,0.62915,0.62645,0.62751,1677,2
2026-04-20T13:21:15.050Z,0.62745,0.628,0.62593,0.62661,1535,2
2026-04-20T14:21:15.050Z,0.62664,0.62699,0.62634,0.62653,1756,2
2026-04-20T15:21:15.050Z,0.62669,0.62725,0.62652,0.62678,1374,2
2026-04-20T16:21:15.050Z,0.62663,0.62831,0.62204,0.62468,2151,2
2026-04-20T17:21:15.050Z,0.62463,0.62718,0.62265,0.62526,1811,2
2026-04-20T18:21:15.050Z,0.6254,0.62574,0.62442,0.62513,1065,2
2026-04-20T19:21:15.050Z,0.62496,0.62675,0.62434,0.62633,1820,2
2026-04-20T20:21:15.050Z,0.62618,0.6275,0.62555,0.6268,1584,2
2026-04-20T21:21:15.050Z,0.62696,0.62832,0.62656,0.6279,1605,2
2026-04-20T22:21:15.050Z,0.62792,0.63483,0.62252,0.63038,1864,2
2026-04-20T23:21:15.050Z,0.6302,0.63083,0.62947,0.62977,1467,2
2026-04-21T00:21:15.050Z,0.6298,0.63436,0.62845,0.63153,1986,2
2026-04-21T01:21:15.050Z,0.63168,0.63209,0.62984,0.63119,1392,2
2026-04-21T02:21:15.050Z,0.6312,0.63355,0.62975,0.6322,1987,2
2026-04-21T03:21:15.050Z,0.63222,0.63326,0.63112,0.63153,1074,2
2026-04-21T04:21:15.050Z,0.6317,0.63186,0.63048,0.63097,1214,2
2026-04-21T05:21:15.050Z,0.63085,0.632,0.62677,0.62872,1566,2
2026-04-21T06:21:15.050Z,0.62856,0.63479,0.62621,0.63112,1876,2
2026-04-21T07:21:15.050Z,0.63124,0.63206,0.63011,0.63081,1355,2
2026-04-21T08:21:15.050Z,0.63079,0.63147,0.63056,0.631,1094,2
2026-04-21T09:21:15.050Z,0.63111,0.63881,0.62711,0.63524,2809,2
2026-04-21T10:21:15.050Z,0.63513,0.63906,0.63055,0.63281,2258,2
2026-04-21T11:21:15.050Z,0.63278,0.63437,0.63035,0.63104,1843,2
2026-04-21T12:21:15.050Z,0.63105,0.63391,0.62584,0.62808,1915,2
2026-04-21T13:21:15.050Z,0.62796,0.63841,0.61922,0.62395,2453,2
2026-04-21T14:21:15.050Z,0.62402,0.62677,0.62129,0.62574,1543,2
2026-04-21T15:21:15.050Z,0.6259,0.62619,0.62553,0.62583,1129,2
2026-04-21T16:21:15.050Z,0.62574,0.62759,0.62523,0.62644,1788,2
2026-04-21T17:21:15.050Z,0.62659,0.62904,0.62326,0.62438,1543,2
2026-04-21T18:21:15.050Z,0.62442,0.63093,0.62279,0.62776,2016,2
2026-04-21T19:21:15.050Z,0.62784,0.63335,0.62284,0.63043,2419,2
2026-04-21T20:21:15.050Z,0.63028,0.63053,0.6289,0.62937,1257,2
2026-04-21T21:21:15.050Z,0.62949,0.62981,0.62914,0.62951,1699,2
2026-04-21T22:21:15.050Z,0.62965,0.63003,0.62882,0.62934,1772,2
2026-04-21T23:21:15.050Z,0.62926,0.62973,0.62904,0.62917,1195,2
2026-04-22T00:21:15.050Z,0.62917,0.63129,0.62182,0.62701,1575,2
2026-04-22T01:21:15.050Z,0.62711,0.63025,0.62598,0.62853,1750,2
2026-04-22T02:21:15.050Z,0.62839,0.62978,0.6276,0.62896,1069,2
2026-04-22T03:21:15.050Z,0.62903,0.63541,0.61888,0.62538,2737,2
2026-04-22T04:21:15.050Z,0.62551,0.62617,0.62368,0.62416,2037,2
2026-04-22T05:21:15.050Z,0.62417,0.63067,0.62106,0.62651,2071,2
2026-04-22T06:21:15.050Z,0.62637,0.63146,0.62386,0.62908,2298,2
2026-04-22T07:21:15.050Z,0.62892,0.63316,0.62649,0.63166,2002,2
2026-04-22T08:21:15.050Z,0.6318,0.63503,0.62019,0.62797,2800,2
2026-04-22T09:21:15.050Z,0.62784,0.62918,0.62691,0.62842,1320,2
2026-04-22T10:21:15.050Z,0.6284,0.62901,0.62801,0.62873,1768,2
2026-04-22T11:21:15.050Z,0.62877,0.62997,0.62807,0.62976,1336,2
2026-04-22T12:21:15.050Z,0.62988,0.63266,0.62533,0.62692,2401,2
2026-04-22T13:21:15.050Z,0.62689,0.62735,0.62637,0.62665,1154,2
2026-04-22T14:21:15.050Z,0.62655,0.62709,0.62569,0.62607,1486,2
2026-04-22T15:21:15.050Z,0.62622,0.62709,0.62192,0.62297,2074,2
2026-04-22T16:21:15.050Z,0.62293,0.62345,0.62246,0.6232,1368,2
2026-04-22T17:21:15.050Z,0.62316,0.62444,0.62245,0.62423,1711,2
2026-04-22T18:21:15.050Z,0.62421,0.62466,0.62359,0.62383,1536,2
2026-04-22T19:21:15.050Z,0.62378,0.6251,0.6228,0.62441,1049,2
2026-04-22T20:21:15.050Z,0.62444,0.62788,0.61952,0.62296,1618,2
2026-04-22T21:21:15.050Z,0.62281,0.6257,0.62181,0.62399,1443,2
2026-04-22T22:21:15.050Z,0.62398,0.62487,0.62182,0.62289,1386,2
2026-04-22T23:21:15.050Z,0.623,0.62448,0.62184,0.62405,1731,2
2026-04-23T00:21:15.050Z,0.62393,0.62491,0.62352,0.6246,1127,2
2026-04-23T01:21:15.050Z,0.62453,0.62509,0.62433,0.62495,1757,2
2026-04-23T02:21:15.050Z,0.62499,0.62582,0.62319,0.62436,1242,2
2026-04-23T03:21:15.050Z,0.62434,0.62542,0.62271,0.62388,1033,2
2026-04-23T04:21:15.050Z,0.62397,0.62539,0.62065,0.62272,1984,2
2026-04-23T05:21:15.050Z,0.62266,0.62473,0.62202,0.62404,1614,2
2026-04-23T06:21:15.050Z,0.62404,0.62883,0.62154,0.62577,1832,2
2026-04-23T07:21:15.050Z,0.62567,0.62755,0.6245,0.62699,1430,2
2026-04-23T08:21:15.050Z,0.62698,0.62743,0.62554,0.62582,2044,2
2026-04-23T09:21:15.050Z,0.62592,0.62619,0.62538,0.62578,1458,2
2026-04-23T10:21:15.050Z,0.62566,0.62724,0.62495,0.62659,2005,2
2026-04-23T11:21:15.050Z,0.62672,0.62709,0.62646,0.62661,1287,2
2026-04-23T12:21:15.050Z,0.62667,0.62693,0.62628,0.62657,1247,2
2026-04-23T13:21:15.050Z,0.62668,0.63007,0.62482,0.62758,1993,2
2026-04-23T14:21:15.050Z,0.62768,0.62872,0.62597,0.62671,1154,2
2026-04-23T15:21:15.050Z,0.62663,0.63039,0.62403,0.6284,2192,2
2026-04-23T16:21:15.050Z,0.62826,0.62915,0.62409,0.62645,1913,2
2026-04-23T17:21:15.050Z,0.62641,0.62936,0.62515,0.62821,2012,2
2026-04-23T18:21:15.050Z,0.62816,0.62971,0.62775,0.62939,2096,2
2026-04-23T19:21:15.050Z,0.62953,0.63268,0.62722,0.63082,1876,2
2026-04-23T20:21:15.050Z,0.63074,0.63259,0.62901,0.62987,1375,2
2026-04-23T21:21:15.050Z,0.62994,0.63391,0.6268,0.63285,2358,2
2026-04-23T22:21:15.050Z,0.6328,0.63392,0.63182,0.63331,1545,2
2026-04-23T23:21:15.050Z,0.63348,0.6372,0.63272,0.63564,1837,2
2026-04-24T00:21:15.050Z,0.63577,0.64037,0.62755,0.63352,1649,2
2026-04-24T01:21:15.050Z,0.63349,0.63424,0.62995,0.63134,1572,2
2026-04-24T02:21:15.050Z,0.63124,0.63363,0.63072,0.63233,2034,2
2026-04-24T03:21:15.050Z,0.63227,0.63729,0.6299,0.63488,2361,2
2026-04-24T04:21:15.050Z,0.63491,0.63762,0.63341,0.63613,2010,2
2026-04-24T05:21:15.050Z,0.63623,0.63875,0.63259,0.63454,1559,2
2026-04-24T06:21:15.050Z,0.63471,0.63827,0.63365,0.63566,1283,2
2026-04-24T07:21:15.050Z,0.63569,0.63616,0.63525,0.6359,1753,2
2026-04-24T08:21:15.050Z,0.63598,0.64042,0.63324,0.63905,2184,2
2026-04-24T09:21:15.050Z,0.63906,0.63932,0.63874,0.63892,1228,2
2026-04-24T10:21:15.050Z,0.63887,0.63952,0.6385,0.63927,1277,2
2026-04-24T11:21:15.050Z,0.63923,0.6405,0.63898,0.64021,1420,2
2026-04-24T12:21:15.050Z,0.64007,0.64051,0.63963,0.6403,1252,2
2026-04-24T13:21:15.050Z,0.64017,0.64035,0.6399,0.64006,1563,2
2026-04-24T14:21:15.050Z,0.64003,0.64387,0.63773,0.64137,1836,2
2026-04-24T15:21:15.050Z,0.64149,0.64435,0.64035,0.64326,1609,2
2026-04-24T16:21:15.050Z,0.64336,0.64835,0.64187,0.64532,1502,2
2026-04-24T17:21:15.050Z,0.64548,0.64694,0.64177,0.64371,1886,2
2026-04-24T18:21:15.050Z,0.64368,0.6448,0.64342,0.64401,1609,2
2026-04-24T19:21:15.050Z,0.64417,0.64558,0.64037,0.64206,1801,2
2026-04-24T20:21:15.050Z,0.64219,0.64271,0.64076,0.64159,1287,2
2026-04-24T21:21:15.050Z,0.6415,0.64192,0.6409,0.64175,1621,2
2026-04-24T22:21:15.050Z,0.64161,0.64317,0.6405,0.64249,1449,2
2026-04-24T23:21:15.050Z,0.64251,0.64573,0.64029,0.64408,1898,2
2026-04-25T00:21:15.050Z,0.64396,0.64784,0.64256,0.64529,1951,2
2026-04-25T01:21:15.050Z,0.64516,0.6456,0.6448,0.64537,1724,2
2026-04-25T02:21:15.050Z,0.64536,0.64768,0.64474,0.64648,1751,2
2026-04-25T03:21:15.050Z,0.6466,0.64809,0.64598,0.64724,1251,2
2026-04-25T04:21:15.050Z,0.64725,0.64907,0.64568,0.64631,1142,2
2026-04-25T05:21:15.050Z,0.64645,0.64661,0.64624,0.64646,946,2
2026-04-25T06:21:15.050Z,0.64633,0.64782,0.64597,0.64682,1568,2
2026-04-25T07:21:15.050Z,0.64696,0.64848,0.64419,0.64537,2033,2
2026-04-25T08:21:15.050Z,0.6454,0.64581,0.64321,0.64411,1543,2
2026-04-25T09:21:15.050Z,0.64403,0.64638,0.64218,0.64471,1627,2
2026-04-25T10:21:15.050Z,0.64458,0.64703,0.64275,0.6457,1645,2
2026-04-25T11:21:15.050Z,0.64581,0.64605,0.64536,0.64565,1211,2
2026-04-25T12:21:15.050Z,0.64554,0.64596,0.64513,0.64566,1682,2
2026-04-25T13:21:15.050Z,0.64568,0.6471,0.64448,0.64667,1553,2
2026-04-25T14:21:15.050Z,0.64673,0.64746,0.64542,0.6462,1670,2
2026-04-25T15:21:15.050Z,0.64609,0.64691,0.64577,0.64652,1853,2
2026-04-25T16:21:15.050Z,0.64667,0.64929,0.64588,0.64736,1752,2
2026-04-25T17:21:15.050Z,0.64752,0.65219,0.64452,0.64594,2162,2
2026-04-25T18:21:15.050Z,0.64597,0.64674,0.64565,0.64651,1184,2
2026-04-25T19:21:15.050Z,0.6464,0.64711,0.64417,0.64576,1747,2
2026-04-25T20:21:15.050Z,0.64589,0.64796,0.64474,0.64665,1253,2
2026-04-25T21:21:15.050Z,0.64651,0.64885,0.644,0.64758,1783,2
2026-04-25T22:21:15.050Z,0.64758,0.64883,0.64183,0.64399,2105,2
2026-04-25T23:21:15.050Z,0.64392,0.64492,0.64061,0.64236,1426,2
2026-04-26T00:21:15.050Z,0.64231,0.64289,0.64208,0.64266,1407,2
2026-04-26T01:21:15.050Z,0.64275,0.64315,0.64155,0.64197,1089,2
2026-04-26T02:21:15.050Z,0.64188,0.64332,0.64027,0.64131,1435,2
2026-04-26T03:21:15.050Z,0.64116,0.64293,0.64042,0.64209,1747,2
2026-04-26T04:21:15.050Z,0.64224,0.64579,0.64,0.64456,1611,2
2026-04-26T05:21:15.050Z,0.64453,0.64494,0.64424,0.64438,1343,2
2026-04-26T06:21:15.050Z,0.64452,0.64513,0.64302,0.64406,1502,2
2026-04-26T07:21:15.050Z,0.64402,0.64623,0.64202,0.6448,1239,2
2026-04-26T08:21:15.050Z,0.64478,0.648,0.64414,0.64743,1935,2
2026-04-26T09:21:15.050Z,0.6473,0.64766,0.64594,0.64689,1730,2
2026-04-26T10:21:15.050Z,0.64688,0.65373,0.64417,0.64949,1734,2
2026-04-26T11:21:15.050Z,0.64963,0.65036,0.64778,0.64859,1805,2
2026-04-26T12:21:15.050Z,0.6486,0.65154,0.64697,0.65003,1420,2
2026-04-26T13:21:15.050Z,0.65003,0.65177,0.647,0.64807,2090,2
2026-04-26T14:21:15.050Z,0.6479,0.6493,0.64433,0.6454,2349,2
2026-04-26T15:21:15.050Z,0.64549,0.64979,0.64275,0.64842,1826,2
2026-04-26T16:21:15.050Z,0.64826,0.64869,0.64789,0.64849,1247,2
2026-04-26T17:21:15.050Z,0.64835,0.65351,0.64528,0.65034,1988,2
2026-04-26T18:21:15.050Z,0.65046,0.65099,0.64945,0.65008,1310,2
2026-04-26T19:21:15.050Z,0.65021,0.66564,0.6382,0.65492,2765,2
2026-04-26T20:21:15.050Z,0.65485,0.65653,0.65443,0.65628,2045,2
2026-04-26T21:21:15.050Z,0.65639,0.65742,0.65553,0.65706,1393,2
2026-04-26T22:21:15.050Z,0.65697,0.65837,0.65441,0.65546,1504,2
2026-04-26T23:21:15.050Z,0.65542,0.65598,0.65284,0.65341,1961,2
2026-04-27T00:21:15.050Z,0.65327,0.6583,0.65011,0.65619,2003,2
2026-04-27T01:21:15.050Z,0.65611,0.66087,0.65223,0.65787,1921,2
2026-04-27T02:21:15.050Z,0.65788,0.66028,0.65532,0.65955,1550,2
2026-04-27T03:21:15.050Z,0.65959,0.66036,0.65913,0.6599,1681,2
2026-04-27T04:21:15.050Z,0.65992,0.66887,0.6537,0.66288,2438,2
2026-04-27T05:21:15.050Z,0.66298,0.66385,0.66046,0.66213,1858,2
2026-04-27T06:21:15.050Z,0.66209,0.66416,0.65975,0.66041,1599,2
2026-04-27T07:21:15.050Z,0.66027,0.66062,0.65707,0.65827,2295,2
2026-04-27T08:21:15.050Z,0.65842,0.66085,0.65694,0.65942,1443,2
2026-04-27T09:21:15.050Z,0.65946,0.65987,0.65899,0.65959,1487,2
2026-04-27T10:21:15.050Z,0.65946,0.65991,0.65927,0.65954,1461,2
2026-04-27T11:21:15.050Z,0.65962,0.66025,0.6592,0.66013,1106,2
2026-04-27T12:21:15.050Z,0.6602,0.66169,0.65903,0.65948,1837,2
2026-04-27T13:21:15.050Z,0.65936,0.66359,0.65646,0.66109,1402,2
2026-04-27T14:21:15.050Z,0.66105,0.66139,0.66063,0.66111,1724,2
2026-04-27T15:21:15.050Z,0.66103,0.66248,0.65995,0.66037,1110,2
2026-04-27T16:21:15.050Z,0.66047,0.66767,0.65905,0.66261,2193,2
2026-04-27T17:21:15.050Z,0.66263,0.66289,0.6622,0.66259,986,2
2026-04-27T18:21:15.050Z,0.66265,0.66487,0.66227,0.66382,1768,2
2026-04-27T19:21:15.050Z,0.66384,0.66516,0.66204,0.66289,1504,2
2026-04-27T20:21:15.050Z,0.663,0.6678,0.65908,0.66469,2195,2
2026-04-27T21:21:15.050Z,0.66471,0.66562,0.66448,0.66521,1000,2
2026-04-27T22:21:15.050Z,0.66515,0.6661,0.66345,0.66397,1726,2
2026-04-27T23:21:15.050Z,0.66412,0.66637,0.66374,0.66541,1756,2
2026-04-28T00:21:15.050Z,0.66551,0.66686,0.66351,0.66415,1880,2
2026-04-28T01:21:15.050Z,0.66398,0.66519,0.66145,0.66217,1938,2
2026-04-28T02:21:15.050Z,0.66205,0.66472,0.6616,0.66364,2153,2
2026-04-28T03:21:15.050Z,0.66348,0.66637,0.66153,0.66446,1612,2
2026-04-28T04:21:15.050Z,0.6643,0.66455,0.66349,0.66395,1723,2
2026-04-28T05:21:15.050Z,0.66385,0.66627,0.66272,0.66459,1852,2
2026-04-28T06:21:15.050Z,0.66472,0.67563,0.66044,0.66779,2240,2
2026-04-28T07:21:15.050Z,0.66785,0.67101,0.66281,0.66607,1930,2
2026-04-28T08:21:15.050Z,0.66591,0.66717,0.66505,0.66633,1271,2
2026-04-28T09:21:15.050Z,0.66637,0.66802,0.66287,0.66505,1290,2
2026-04-28T10:21:15.050Z,0.66489,0.66741,0.66371,0.666,1862,2
2026-04-28T11:21:15.050Z,0.66595,0.66751,0.66494,0.66659,1052,2
2026-04-28T12:21:15.050Z,0.66655,0.66822,0.66566,0.66761,1735,2
2026-04-28T13:21:15.050Z,0.66757,0.66968,0.66555,0.6689,1886,2
2026-04-28T14:21:15.050Z,0.66891,0.67184,0.66845,0.67109,2287,2
2026-04-28T15:21:15.050Z,0.67126,0.67358,0.67006,0.67253,1589,2
2026-04-28T16:21:15.050Z,0.67246,0.67529,0.66744,0.67033,2328,2
2026-04-28T17:21:15.050Z,0.67043,0.67059,0.66958,0.66996,1359,2
2026-04-28T18:21:15.050Z,0.67,0.67075,0.66877,0.66926,1148,2
2026-04-28T19:21:15.050Z,0.6694,0.67366,0.66438,0.66777,1441,2
2026-04-28T20:21:15.050Z,0.66761,0.66907,0.66419,0.6657,1431,2
2026-04-28T21:21:15.050Z,0.66563,0.66718,0.66498,0.66639,1738,2
2026-04-28T22:21:15.050Z,0.66623,0.66657,0.66603,0.66624,1242,2
2026-04-28T23:21:15.050Z,0.66615,0.66875,0.6645,0.66735,2045,2
2026-04-29T00:21:15.050Z,0.66734,0.66984,0.66648,0.66928,1745,2
2026-04-29T01:21:15.050Z,0.66943,0.66991,0.66801,0.66886,1023,2
2026-04-29T02:21:15.050Z,0.66902,0.66936,0.66887,0.66902,920,2
2026-04-29T03:21:15.050Z,0.66896,0.67005,0.66401,0.66594,2449,2
2026-04-29T04:21:15.050Z,0.66603,0.66958,0.66501,0.66798,1868,2
2026-04-29T05:21:15.050Z,0.6681,0.67003,0.66422,0.66489,1833,2
2026-04-29T06:21:15.050Z,0.6648,0.66601,0.66429,0.66546,1227,2
2026-04-29T07:21:15.050Z,0.66529,0.66735,0.65983,0.6634,2116,2
2026-04-29T08:21:15.050Z,0.66332,0.66897,0.65843,0.66527,1506,2
2026-04-29T09:21:15.050Z,0.66543,0.66642,0.66293,0.66456,1422,2
2026-04-29T10:21:15.050Z,0.66467,0.66643,0.66238,0.66341,2023,2
2026-04-29T11:21:15.050Z,0.66337,0.66721,0.65789,0.65996,2453,2
2026-04-29T12:21:15.050Z,0.66001,0.66161,0.65956,0.6607,1307,2
2026-04-29T13:21:15.050Z,0.66066,0.6613,0.65887,0.65913,1432,2
2026-04-29T14:21:15.050Z,0.65927,0.66422,0.6553,0.66112,1538,2
2026-04-29T15:21:15.050Z,0.66104,0.66266,0.6592,0.6599,2038,2
2026-04-29T16:21:15.050Z,0.65974,0.66119,0.65875,0.66063,1613,2
2026-04-29T17:21:15.050Z,0.66064,0.66184,0.6596,0.6612,1517,2
2026-04-29T18:21:15.050Z,0.66122,0.66302,0.65884,0.66046,1868,2
2026-04-29T19:21:15.050Z,0.66036,0.66402,0.65852,0.66169,1469,2
2026-04-29T20:21:15.050Z,0.66162,0.6639,0.65858,0.66,1356,2
2026-04-29T21:21:15.050Z,0.66007,0.66191,0.65527,0.65813,2055,2
2026-04-29T22:21:15.050Z,0.65806,0.66273,0.65621,0.65957,1489,2
2026-04-29T23:21:15.050Z,0.65975,0.66016,0.65907,0.65933,1562,2
2026-04-30T00:21:15.050Z,0.65919,0.66138,0.65554,0.65802,2044,2
2026-04-30T01:21:15.050Z,0.65799,0.66134,0.65507,0.6598,1638,2
2026-04-30T02:21:15.050Z,0.65974,0.66149,0.65661,0.65875,1968,2
2026-04-30T03:21:15.050Z,0.65866,0.6605,0.65687,0.65765,1146,2
2026-04-30T04:21:15.050Z,0.65753,0.65806,0.65598,0.65697,1497,2
2026-04-30T05:21:15.050Z,0.65713,0.65783,0.6567,0.65753,1185,2
2026-04-30T06:21:15.050Z,0.65761,0.66257,0.65436,0.66007,2025,2
2026-04-30T07:21:15.050Z,0.65997,0.66543,0.65584,0.66159,1684,2
2026-04-30T08:21:15.050Z,0.66152,0.66197,0.66089,0.66117,1848,2
2026-04-30T09:21:15.050Z,0.66108,0.66228,0.66066,0.66155,1287,2
2026-04-30T10:21:15.050Z,0.66164,0.6636,0.66084,0.6628,1377,2
2026-04-30T11:21:15.050Z,0.66287,0.66311,0.66259,0.66283,1458,2
2026-04-30T12:21:15.050Z,0.66278,0.66299,0.66209,0.66245,1788,2
2026-04-30T13:21:15.050Z,0.66254,0.6645,0.66213,0.66335,1118,2
2026-04-30T14:21:15.050Z,0.66344,0.66405,0.66305,0.66373,1076,2
2026-04-30T15:21:15.050Z,0.66389,0.6642,0.66328,0.66354,1825,2
2026-04-30T16:21:15.050Z,0.66368,0.6649,0.66077,0.66168,1851,2
2026-04-30T17:21:15.050Z,0.66178,0.66189,0.66125,0.66142,1539,2
2026-04-30T18:21:15.050Z,0.66153,0.66285,0.66046,0.66243,1393,2
2026-04-30T19:21:15.050Z,0.66242,0.66305,0.66038,0.66124,1639,2
2026-04-30T20:21:15.050Z,0.66129,0.6641,0.65966,0.66299,1389,2
2026-04-30T21:21:15.050Z,0.6629,0.66323,0.66177,0.66211,1852,2
2026-04-30T22:21:15.050Z,0.66198,0.66364,0.65879,0.66002,1515,2
2026-04-30T23:21:15.050Z,0.65994,0.66026,0.65934,0.65956,1354,2
2026-05-01T00:21:15.050Z,0.65968,0.66024,0.65952,0.65987,1419,2
2026-05-01T01:21:15.050Z,0.65998,0.66296,0.65788,0.66144,1325,2
2026-05-01T02:21:15.050Z,0.66126,0.66401,0.65143,0.65806,2257,2
2026-05-01T03:21:15.050Z,0.65821,0.66232,0.65356,0.66044,2116,2
2026-05-01T04:21:15.050Z,0.66056,0.6682,0.65692,0.66328,1950,2
2026-05-01T05:21:15.050Z,0.66316,0.66589,0.65612,0.65972,1949,2
2026-05-01T06:21:15.050Z,0.65983,0.66005,0.65916,0.6596,1390,2
2026-05-01T07:21:15.050Z,0.65956,0.66032,0.65735,0.65811,1620,2
2026-05-01T08:21:15.050Z,0.65795,0.6584,0.65668,0.65749,1046,2
2026-05-01T09:21:15.050Z,0.65752,0.65831,0.6563,0.65677,1491,2
2026-05-01T10:21:15.050Z,0.65692,0.65787,0.65495,0.65582,1716,2
2026-05-01T11:21:15.050Z,0.65594,0.65656,0.65443,0.65497,1807,2
2026-05-01T12:21:15.050Z,0.65492,0.65838,0.65306,0.65721,2187,2
2026-05-01T13:21:15.050Z,0.65712,0.65756,0.65468,0.65575,1809,2
2026-05-01T14:21:15.050Z,0.65579,0.6567,0.65489,0.6552,1293,2
2026-05-01T15:21:15.050Z,0.65534,0.65778,0.65252,0.6567,1334,2
2026-05-01T16:21:15.050Z,0.65669,0.65688,0.65641,0.65663,1139,2
2026-05-01T17:21:15.050Z,0.65674,0.65773,0.65641,0.65708,1513,2
2026-05-01T18:21:15.050Z,0.65694,0.65887,0.65399,0.65518,1955,2
2026-05-01T19:21:15.050Z,0.65506,0.65728,0.65342,0.65591,1991,2
2026-05-01T20:21:15.050Z,0.65584,0.65742,0.65147,0.65397,1641,2
2026-05-01T21:21:15.050Z,0.6539,0.65445,0.65355,0.65412,1716,2
2026-05-01T22:21:15.050Z,0.65416,0.656,0.65183,0.65524,2044,2
2026-05-01T23:21:15.050Z,0.65537,0.65565,0.655,0.65521,1611,2
2026-05-02T00:21:15.050Z,0.65508,0.65687,0.65449,0.65562,1846,2
2026-05-02T01:21:15.050Z,0.65554,0.65908,0.65435,0.65707,1740,2
2026-05-02T02:21:15.050Z,0.65693,0.66762,0.65376,0.66048,2373,2
2026-05-02T03:21:15.050Z,0.66045,0.66206,0.6596,0.66119,1158,2
2026-05-02T04:21:15.050Z,0.66128,0.66209,0.66098,0.66173,1445,2
2026-05-02T05:21:15.050Z,0.66183,0.66287,0.66079,0.66248,1047,2
2026-05-02T06:21:15.050Z,0.66252,0.66279,0.6621,0.66246,1761,2
2026-05-02T07:21:15.050Z,0.66244,0.66318,0.66129,0.66188,1887,2
2026-05-02T08:21:15.050Z,0.66192,0.66265,0.66021,0.6612,1596,2
2026-05-02T09:21:15.050Z,0.66131,0.66244,0.65942,0.6601,1336,2
2026-05-02T10:21:15.050Z,0.65993,0.66123,0.65908,0.65945,1437,2
2026-05-02T11:21:15.050Z,0.65937,0.66245,0.65861,0.66041,1802,2
2026-05-02T12:21:15.050Z,0.66036,0.66063,0.65984,0.66009,1683,2
2026-05-02T13:21:15.050Z,0.66023,0.66229,0.65588,0.65897,1318,2
2026-05-02T14:21:15.050Z,0.65881,0.66008,0.65859,0.65917,1068,2
2026-05-02T15:21:15.050Z,0.65925,0.66,0.65882,0.65954,1676,2
2026-05-02T16:21:15.050Z,0.65961,0.66031,0.65594,0.65681,1925,2
2026-05-02T17:21:15.050Z,0.65672,0.65885,0.6531,0.65556,1405,2
2026-05-02T18:21:15.050Z,0.65547,0.65595,0.6552,0.65568,1753,2
2026-05-02T19:21:15.050Z,0.65559,0.65764,0.65199,0.65465,1270,2
2026-05-02T20:21:15.050Z,0.65454,0.65576,0.65406,0.65529,1522,2
2026-05-02T21:21:15.050Z,0.65529,0.6565,0.65106,0.65375,1620,2
2026-05-02T22:21:15.050Z,0.65364,0.65447,0.65336,0.65426,1412,2
2026-05-02T23:21:15.050Z,0.65433,0.65574,0.654,0.655,1648,2
2026-05-03T00:21:15.050Z,0.65503,0.65583,0.65384,0.65456,1552,2
2026-05-03T01:21:15.050Z,0.65452,0.6577,0.65307,0.65576,1245,2
2026-05-03T02:21:15.050Z,0.65581,0.65793,0.65529,0.65649,1826,2
2026-05-03T03:21:15.050Z,0.65643,0.66021,0.65467,0.65805,1414,2
2026-05-03T04:21:15.050Z,0.65788,0.65838,0.65753,0.65813,1427,2
2026-05-03T05:21:15.050Z,0.65801,0.65866,0.65643,0.6572,1540,2
2026-05-03T06:21:15.050Z,0.65721,0.65766,0.65673,0.65691,1209,2
2026-05-03T07:21:15.050Z,0.65684,0.65768,0.65471,0.65598,1532,2
2026-05-03T08:21:15.050Z,0.65589,0.6582,0.65529,0.65735,2004,2
2026-05-03T09:21:15.050Z,0.65718,0.65943,0.65543,0.65823,1182,2
2026-05-03T10:21:15.050Z,0.65832,0.65978,0.65658,0.65746,1403,2
2026-05-03T11:21:15.050Z,0.65757,0.65791,0.65665,0.65691,1425,2
2026-05-03T12:21:15.050Z,0.65704,0.66153,0.65398,0.65881,1791,2
2026-05-03T13:21:15.050Z,0.65868,0.66,0.65848,0.65941,1074,2
2026-05-03T14:21:15.050Z,0.65951,0.66397,0.6577,0.66279,1804,2
2026-05-03T15:21:15.050Z,0.66274,0.6644,0.66129,0.66199,1483,2
2026-05-03T16:21:15.050Z,0.66216,0.66441,0.66181,0.66361,1793,2
2026-05-03T17:21:15.050Z,0.6635,0.66401,0.66273,0.663,1047,2
2026-05-03T18:21:15.050Z,0.66308,0.66348,0.66269,0.66291,1215,2
2026-05-03T19:21:15.050Z,0.66276,0.66404,0.66177,0.66328,1027,2
2026-05-03T20:21:15.050Z,0.66342,0.66398,0.66099,0.66138,2097,2
2026-05-03T21:21:15.050Z,0.66144,0.66315,0.66036,0.66212,1735,2
2026-05-03T22:21:15.050Z,0.66223,0.66784,0.6495,0.65847,2316,2
2026-05-03T23:21:15.050Z,0.65859,0.66269,0.65586,0.66012,1899,2
2026-05-04T00:21:15.050Z,0.66016,0.66147,0.65674,0.65832,2113,2
2026-05-04T01:21:15.050Z,0.65822,0.66129,0.65004,0.65463,1944,2
2026-05-04T02:21:15.050Z,0.6545,0.65816,0.64849,0.65118,1821,2
2026-05-04T03:21:15.050Z,0.65121,0.65559,0.65057,0.65389,2337,2
2026-05-04T04:21:15.050Z,0.65386,0.65402,0.65356,0.65388,931,2
2026-05-04T05:21:15.050Z,0.65378,0.65442,0.65291,0.65417,1237,2
2026-05-04T06:21:15.050Z,0.65406,0.6553,0.65251,0.65327,1197,2
2026-05-04T07:21:15.050Z,0.65337,0.65592,0.65268,0.65447,1872,2
2026-05-04T08:21:15.050Z,0.65459,0.6549,0.65407,0.65438,933,2
2026-05-04T09:21:15.050Z,0.65423,0.65482,0.65306,0.65334,1443,2
2026-05-04T10:21:15.050Z,0.65335,0.65647,0.65211,0.65444,1229,2
2026-05-04T11:21:15.050Z,0.6545,0.65686,0.65409,0.65645,1914,2
2026-05-04T12:21:15.050Z,0.65649,0.65967,0.65451,0.65791,1902,2
2026-05-04T13:21:15.050Z,0.65796,0.65825,0.65777,0.65797,1439,2
2026-05-04T14:21:15.050Z,0.65811,0.66146,0.65286,0.65628,2101,2
2026-05-04T15:21:15.050Z,0.65639,0.65731,0.65422,0.65552,1802,2
2026-05-04T16:21:15.050Z,0.65552,0.66224,0.64978,0.65788,2115,2
2026-05-04T17:21:15.050Z,0.65792,0.65986,0.65657,0.65857,1502,2
2026-05-04T18:21:15.050Z,0.65873,0.65975,0.6539,0.6566,2073,2
2026-05-04T19:21:15.050Z,0.65669,0.65697,0.65623,0.65654,1037,2
2026-05-04T20:21:15.050Z,0.6564,0.66,0.65393,0.65787,1451,2
2026-05-04T21:21:15.050Z,0.65789,0.65931,0.65572,0.65724,1645,2
2026-05-04T22:21:15.050Z,0.65718,0.66537,0.65357,0.66012,2551,2
2026-05-04T23:21:15.050Z,0.66006,0.66473,0.65318,0.66252,2306,2
2026-05-05T00:21:15.050Z,0.66237,0.66965,0.65936,0.66447,1608,2
2026-05-05T01:21:15.050Z,0.66431,0.66458,0.66411,0.66444,1469,2
2026-05-05T02:21:15.050Z,0.66455,0.66587,0.66241,0.663,1775,2
2026-05-05T03:21:15.050Z,0.66287,0.66324,0.66251,0.6627,1397,2
2026-05-05T04:21:15.050Z,0.66256,0.66523,0.66184,0.66465,1652,2
2026-05-05T05:21:15.050Z,0.66477,0.66535,0.66309,0.66399,1107,2
2026-05-05T06:21:15.050Z,0.66407,0.66551,0.66111,0.66274,2060,2
2026-05-05T07:21:15.050Z,0.66283,0.66312,0.66268,0.66287,1037,2
2026-05-05T08:21:15.050Z,0.66283,0.66396,0.66183,0.66238,1879,2
2026-05-05T09:21:15.050Z,0.66229,0.66264,0.66172,0.66188,1445,2
2026-05-05T10:21:15.050Z,0.66188,0.6636,0.66141,0.66248,1295,2
2026-05-05T11:21:15.050Z,0.66249,0.66493,0.6584,0.66098,2152,2
2026-05-05T12:21:15.050Z,0.66081,0.66118,0.65975,0.65996,1290,2
2026-05-05T13:21:15.050Z,0.66012,0.66053,0.65969,0.66009,1491,2
2026-05-05T14:21:15.050Z,0.66023,0.66056,0.66002,0.66026,1069,2
2026-05-05T15:21:15.050Z,0.66012,0.66055,0.65916,0.65964,1096,2
2026-05-05T16:21:15.050Z,0.65972,0.66055,0.65677,0.65848,1413,2
2026-05-05T17:21:15.050Z,0.65844,0.65861,0.65775,0.65823,965,2
2026-05-05T18:21:15.050Z,0.65825,0.65985,0.65604,0.65724,1487,2
2026-05-05T19:21:15.050Z,0.65737,0.65784,0.65696,0.65708,1086,2
2026-05-05T20:21:15.050Z,0.65724,0.65876,0.65395,0.65635,1708,2
2026-05-05T21:21:15.050Z,0.65642,0.65666,0.65544,0.65584,1900,2
2026-05-05T22:21:15.050Z,0.65569,0.6562,0.65492,0.65544,1158,2
2026-05-05T23:21:15.050Z,0.65544,0.66305,0.65301,0.6579,2386,2
2026-05-06T00:21:15.050Z,0.65779,0.65842,0.65652,0.65746,1098,2
2026-05-06T01:21:15.050Z,0.65744,0.66037,0.65299,0.65557,1707,2
2026-05-06T02:21:15.050Z,0.65568,0.65736,0.65052,0.65256,2595,2
2026-05-06T03:21:15.050Z,0.6527,0.65409,0.65078,0.65222,1669,2
2026-05-06T04:21:15.050Z,0.65229,0.66216,0.63888,0.64751,2567,2
2026-05-06T05:21:15.050Z,0.64752,0.64975,0.64698,0.64842,1272,2
2026-05-06T06:21:15.050Z,0.64837,0.64986,0.64615,0.6477,1185,2
2026-05-06T07:21:15.050Z,0.64769,0.64877,0.64462,0.64642,1235,2
2026-05-06T08:21:15.050Z,0.64637,0.64974,0.64104,0.64385,2204,2
2026-05-06T09:21:15.050Z,0.64395,0.64982,0.63955,0.6468,2043,2
2026-05-06T10:21:15.050Z,0.64686,0.64822,0.64633,0.64761,1329,2
2026-05-06T11:21:15.050Z,0.64754,0.64946,0.64187,0.64529,1937,2
2026-05-06T12:21:15.050Z,0.64529,0.64631,0.64394,0.64456,1469,2
2026-05-06T13:21:15.050Z,0.64453,0.648,0.64279,0.64562,1866,2
2026-05-06T14:21:15.050Z,0.64554,0.64807,0.64317,0.64694,1389,2
2026-05-06T15:21:15.050Z,0.64708,0.64792,0.64507,0.6458,1328,2
2026-05-06T16:21:15.050Z,0.64576,0.64595,0.64556,0.64571,1259,2
2026-05-06T17:21:15.050Z,0.64584,0.64604,0.64528,0.64558,1249,2
2026-05-06T18:21:15.050Z,0.64553,0.65466,0.63797,0.64161,2480,2
2026-05-06T19:21:15.050Z,0.64149,0.64952,0.63722,0.64396,2240,2
2026-05-06T20:21:15.050Z,0.64384,0.64426,0.64335,0.64401,983,2
2026-05-06T21:21:15.050Z,0.64401,0.64579,0.64283,0.64536,1402,2
2026-05-06T22:21:15.050Z,0.64543,0.65018,0.64364,0.64716,1458,2
2026-05-06T23:21:15.050Z,0.64714,0.64919,0.64648,0.6486,1606,2
2026-05-07T00:21:15.050Z,0.64852,0.65258,0.64759,0.65088,2154,2
2026-05-07T01:21:15.050Z,0.65079,0.65183,0.64877,0.65015,1191,2
2026-05-07T02:21:15.050Z,0.64999,0.65054,0.64761,0.64912,1737,2
2026-05-07T03:21:15.050Z,0.6491,0.65124,0.64355,0.64671,1560,2
2026-05-07T04:21:15.050Z,0.64671,0.64718,0.64647,0.64698,1183,2
2026-05-07T05:21:15.050Z,0.64713,0.64836,0.64478,0.64578,1277,2
2026-05-07T06:21:15.050Z,0.64565,0.64681,0.64375,0.64474,1582,2
2026-05-07T07:21:15.050Z,0.64473,0.64682,0.64333,0.64572,1742,2
2026-05-07T08:21:15.050Z,0.6457,0.64592,0.6452,0.64559,1166,2
2026-05-07T09:21:15.050Z,0.64569,0.64606,0.64531,0.64564,959,2
2026-05-07T10:21:15.050Z,0.64574,0.65305,0.63916,0.6484,2350,2
2026-05-07T11:21:15.050Z,0.64837,0.65145,0.64536,0.64706,1608,2
2026-05-07T12:21:15.050Z,0.64699,0.6503,0.64416,0.64847,1460,2
2026-05-07T13:21:15.050Z,0.6485,0.64998,0.64389,0.64677,1452,2
2026-05-07T14:21:15.050Z,0.64668,0.64706,0.64537,0.64606,1539,2
2026-05-07T15:21:15.050Z,0.64609,0.64728,0.64461,0.6452,1996,2
2026-05-07T16:21:15.050Z,0.64533,0.64557,0.6444,0.64459,1272,2
2026-05-07T17:21:15.050Z,0.6445,0.6454,0.64324,0.64411,1432,2
2026-05-07T18:21:15.050Z,0.64398,0.64422,0.6433,0.64341,1654,2
2026-05-07T19:21:15.050Z,0.64337,0.64483,0.64295,0.64411,1354,2
2026-05-07T20:21:15.050Z,0.64399,0.64418,0.64321,0.64338,1476,2
2026-05-07T21:21:15.050Z,0.64323,0.64411,0.64081,0.64163,1973,2
2026-05-07T22:21:15.050Z,0.6417,0.64397,0.63992,0.643,1915,2
2026-05-07T23:21:15.050Z,0.64312,0.64512,0.64158,0.64431,1858,2
2026-05-08T00:21:15.050Z,0.64416,0.64461,0.64345,0.64363,1825,2
2026-05-08T01:21:15.050Z,0.64371,0.64419,0.64342,0.64375,1239,2
2026-05-08T02:21:15.050Z,0.64387,0.64429,0.6434,0.64394,1679,2
2026-05-08T03:21:15.050Z,0.64383,0.64646,0.64242,0.64526,1280,2
2026-05-08T04:21:15.050Z,0.64515,0.64743,0.6413,0.64377,1567,2
2026-05-08T05:21:15.050Z,0.64385,0.64485,0.64058,0.64204,2076,2
2026-05-08T06:21:15.050Z,0.64201,0.64587,0.64049,0.64353,1980,2
2026-05-08T07:21:15.050Z,0.64345,0.64552,0.64181,0.64448,1382,2
2026-05-08T08:21:15.050Z,0.64464,0.64483,0.64426,0.64445,1418,2
2026-05-08T09:21:15.050Z,0.64459,0.64768,0.64415,0.64652,1795,2
2026-05-08T10:21:15.050Z,0.64667,0.64782,0.64198,0.64437,2227,2
2026-05-08T11:21:15.050Z,0.64453,0.64474,0.64368,0.64403,1433,2
2026-05-08T12:21:15.050Z,0.64404,0.64723,0.64299,0.64523,1528,2
2026-05-08T13:21:15.050Z,0.64526,0.64577,0.64437,0.64464,1272,2
2026-05-08T14:21:15.050Z,0.64448,0.64552,0.64264,0.6438,1510,2
2026-05-08T15:21:15.050Z,0.64372,0.64422,0.6405,0.64165,1734,2
2026-05-08T16:21:15.050Z,0.64165,0.64845,0.63836,0.6442,1777,2
2026-05-08T17:21:15.050Z,0.64434,0.64456,0.64359,0.64401,1350,2
2026-05-08T18:21:15.050Z,0.64389,0.64668,0.63986,0.6412,1905,2
2026-05-08T19:21:15.050Z,0.64136,0.64795,0.63586,0.64321,1523,2
2026-05-08T20:21:15.050Z,0.64321,0.64981,0.63836,0.64099,1735,2
2026-05-08T21:21:15.050Z,0.64096,0.64399,0.6386,0.64247,1694,2
2026-05-08T22:21:15.050Z,0.64254,0.64925,0.6401,0.64495,2160,2
2026-05-08T23:21:15.050Z,0.6449,0.64621,0.64246,0.64351,1878,2
2026-05-09T00:21:15.050Z,0.64336,0.64545,0.64293,0.64479,1722,2
2026-05-09T01:21:15.050Z,0.64488,0.64652,0.63923,0.64229,2264,2
2026-05-09T02:21:15.050Z,0.64235,0.6457,0.63869,0.63959,2273,2
2026-05-09T03:21:15.050Z,0.6395,0.63973,0.63877,0.63913,1664,2
2026-05-09T04:21:15.050Z,0.63926,0.64204,0.63831,0.64034,1535,2
2026-05-09T05:21:15.050Z,0.64021,0.64173,0.63721,0.63916,1637,2
2026-05-09T06:21:15.050Z,0.63903,0.63929,0.63815,0.63869,1383,2
2026-05-09T07:21:15.050Z,0.63866,0.63988,0.63833,0.63911,1726,2
2026-05-09T08:21:15.050Z,0.63923,0.63954,0.63799,0.63866,1392,2
2026-05-09T09:21:15.050Z,0.63853,0.64013,0.63749,0.63914,1680,2
2026-05-09T10:21:15.050Z,0.63899,0.63954,0.63677,0.63798,1805,2
2026-05-09T11:21:15.050Z,0.63806,0.64003,0.63692,0.63931,1548,2
2026-05-09T12:21:15.050Z,0.63938,0.64141,0.63865,0.64065,1304,2
2026-05-09T13:21:15.050Z,0.6407,0.64119,0.63905,0.6395,2025,2
2026-05-09T14:21:15.050Z,0.63939,0.64513,0.63849,0.64165,2155,2
2026-05-09T15:21:15.050Z,0.64177,0.64321,0.64121,0.64265,1560,2
2026-05-09T16:21:15.050Z,0.64272,0.64369,0.64098,0.64184,1739,2
2026-05-09T17:21:15.050Z,0.64169,0.64546,0.63738,0.64023,1448,2
2026-05-09T18:21:15.050Z,0.6403,0.6407,0.63935,0.63988,1170,2
2026-05-09T19:21:15.050Z,0.63973,0.64111,0.63882,0.64022,1145,2
2026-05-09T20:21:15.050Z,0.64038,0.64311,0.63794,0.64163,1846,2
2026-05-09T21:21:15.050Z,0.64162,0.6424,0.64128,0.64196,1845,2
2026-05-09T22:21:15.050Z,0.64198,0.65069,0.63579,0.6446,1827,2
2026-05-09T23:21:15.050Z,0.64467,0.64512,0.64368,0.64431,1539,2
2026-05-10T00:21:15.050Z,0.64427,0.64486,0.64398,0.64438,1083,2
2026-05-10T01:21:15.050Z,0.64451,0.64575,0.64098,0.64285,1528,2
2026-05-10T02:21:15.050Z,0.64281,0.6431,0.64214,0.64247,1652,2
2026-05-10T03:21:15.050Z,0.64253,0.64473,0.63846,0.64108,1896,2
2026-05-10T04:21:15.050Z,0.64101,0.64431,0.63827,0.63971,1827,2
2026-05-10T05:21:15.050Z,0.63985,0.64049,0.63638,0.63821,1826,2
2026-05-10T06:21:15.050Z,0.6383,0.64171,0.63684,0.64009,1907,2
2026-05-10T07:21:15.050Z,0.63997,0.64056,0.6375,0.63889,1285,2
2026-05-10T08:21:15.050Z,0.63899,0.63914,0.6384,0.63881,1795,2
2026-05-10T09:21:15.050Z,0.63893,0.63956,0.6385,0.6391,1362,2
2026-05-10T10:21:15.050Z,0.63903,0.64161,0.63838,0.63988,1096,2
2026-05-10T11:21:15.050Z,0.63998,0.64281,0.63932,0.64173,2146,2
2026-05-10T12:21:15.050Z,0.64165,0.64366,0.63823,0.64067,1309,2
2026-05-10T13:21:15.050Z,0.64067,0.64106,0.63852,0.63899,1975,2
2026-05-10T14:21:15.050Z,0.63899,0.6394,0.63829,0.63863,1039,2
2026-05-10T15:21:15.050Z,0.63875,0.64258,0.636,0.64025,1905,2
2026-05-10T16:21:15.050Z,0.64041,0.64196,0.63936,0.64083,1109,2
2026-05-10T17:21:15.050Z,0.64079,0.64316,0.63886,0.64167,1486,2
2026-05-10T18:21:15.050Z,0.6416,0.64657,0.63833,0.63975,2139,2
2026-05-10T19:21:15.050Z,0.63977,0.64071,0.63918,0.64005,1111,2
2026-05-10T20:21:15.050Z,0.64002,0.64089,0.63886,0.63974,1712,2
2026-05-10T21:21:15.050Z,0.6397,0.64007,0.63928,0.63958,1246,2
2026-05-10T22:21:15.050Z,0.63958,0.64169,0.63727,0.63813,1369,2
2026-05-10T23:21:15.050Z,0.63801,0.63883,0.63757,0.63856,1780,2
2026-05-11T00:21:15.050Z,0.6387,0.63887,0.6384,0.63859,1482,2
2026-05-11T01:21:15.050Z,0.63871,0.6392,0.63645,0.63745,1626,2
2026-05-11T02:21:15.050Z,0.63744,0.63976,0.63668,0.63844,1481,2
2026-05-11T03:21:15.050Z,0.63843,0.6392,0.6362,0.63755,1971,2
2026-05-11T04:21:15.050Z,0.63752,0.64216,0.63366,0.63907,1307,2
2026-05-11T05:21:15.050Z,0.63896,0.63958,0.6357,0.63748,1673,2
2026-05-11T06:21:15.050Z,0.63742,0.63806,0.63628,0.63705,1677,2
2026-05-11T07:21:15.050Z,0.63712,0.63952,0.63652,0.6387,2180,2
2026-05-11T08:21:15.050Z,0.63859,0.64249,0.63602,0.63954,1911,2
2026-05-11T09:21:15.050Z,0.6396,0.64677,0.63542,0.64315,2223,2
2026-05-11T10:21:15.050Z,0.643,0.64315,0.64279,0.64297,1657,2
2026-05-11T11:21:15.050Z,0.64292,0.64337,0.64246,0.64305,1398,2
2026-05-11T12:21:15.050Z,0.64316,0.64661,0.63899,0.64112,2256,2
2026-05-11T13:21:15.050Z,0.64095,0.64742,0.63863,0.64264,1501,2
2026-05-11T14:21:15.050Z,0.64275,0.64483,0.63812,0.64111,2205,2
2026-05-11T15:21:15.050Z,0.64099,0.64224,0.63934,0.63987,1446,2
2026-05-11T16:21:15.050Z,0.63986,0.6446,0.63893,0.64343,2630,2
2026-05-11T17:21:15.050Z,0.64346,0.64503,0.64231,0.64291,1821,2
2026-05-11T18:21:15.050Z,0.64298,0.64627,0.64047,0.6447,1503,2
2026-05-11T19:21:15.050Z,0.64483,0.64533,0.64462,0.64512,1722,2
2026-05-11T20:21:15.050Z,0.64512,0.6512,0.63539,0.6421,2429,2
2026-05-11T21:21:15.050Z,0.64219,0.64247,0.64158,0.64195,1526,2
2026-05-11T22:21:15.050Z,0.64198,0.64321,0.63964,0.64133,1464,2
2026-05-11T23:21:15.050Z,0.64133,0.6442,0.64066,0.64219,1235,2
2026-05-12T00:21:15.050Z,0.64228,0.6486,0.64015,0.64472,2008,2
2026-05-12T01:21:15.050Z,0.64478,0.64523,0.64432,0.64482,1591,2
2026-05-12T02:21:15.050Z,0.64495,0.64595,0.64453,0.64549,1269,2
2026-05-12T03:21:15.050Z,0.6456,0.64736,0.64526,0.64623,1614,2
2026-05-12T04:21:15.050Z,0.64618,0.64679,0.64518,0.6457,1587,2
2026-05-12T05:21:15.050Z,0.64565,0.64626,0.64456,0.64528,1339,2
2026-05-12T06:21:15.050Z,0.64513,0.6465,0.64365,0.64429,1673,2
2026-05-12T07:21:15.050Z,0.64446,0.64462,0.644,0.64428,962,2
2026-05-12T08:21:15.050Z,0.64422,0.64456,0.64356,0.64394,1570,2
2026-05-12T09:21:15.050Z,0.64399,0.64997,0.6411,0.64597,2200,2
2026-05-12T10:21:15.050Z,0.6461,0.64709,0.64335,0.6448,1682,2
2026-05-12T11:21:15.050Z,0.64488,0.64545,0.64332,0.64368,1208,2
2026-05-12T12:21:15.050Z,0.6436,0.64403,0.6432,0.64371,1749,2
2026-05-12T13:21:15.050Z,0.64382,0.64721,0.64128,0.64548,1968,2
2026-05-12T14:21:15.050Z,0.64557,0.64725,0.64114,0.64426,1529,2
2026-05-12T15:21:15.050Z,0.64431,0.6448,0.64367,0.6441,1015,2
2026-05-12T16:21:15.050Z,0.64423,0.64565,0.642,0.64327,1960,2
2026-05-12T17:21:15.050Z,0.64316,0.64453,0.64128,0.64226,1174,2
2026-05-12T18:21:15.050Z,0.64235,0.64289,0.64198,0.64247,1455,2
2026-05-12T19:21:15.050Z,0.64234,0.64621,0.63868,0.64071,1352,2
2026-05-12T20:21:15.050Z,0.64065,0.6413,0.6401,0.64038,1805,2
2026-05-12T21:21:15.050Z,0.64051,0.64341,0.63948,0.64244,1827,2
2026-05-12T22:21:15.050Z,0.64246,0.64387,0.63993,0.64051,1475,2
2026-05-12T23:21:15.050Z,0.64042,0.64547,0.63682,0.64212,1538,2
2026-05-13T00:21:15.050Z,0.64225,0.64535,0.63508,0.64011,2284,2
2026-05-13T01:21:15.050Z,0.64006,0.64674,0.63743,0.64228,2039,2
2026-05-13T02:21:15.050Z,0.64211,0.6521,0.63393,0.6448,2180,2
2026-05-13T03:21:15.050Z,0.64477,0.64692,0.64155,0.64301,1632,2
2026-05-13T04:21:15.050Z,0.64303,0.64679,0.63858,0.64137,1415,2
2026-05-13T05:21:15.050Z,0.64126,0.64767,0.63853,0.64354,2156,2
2026-05-13T06:21:15.050Z,0.64372,0.64995,0.64021,0.64592,1993,2
2026-05-13T07:21:15.050Z,0.64577,0.64607,0.64546,0.6459,1368,2
2026-05-13T08:21:15.050Z,0.64587,0.64715,0.6412,0.64384,1510,2
2026-05-13T09:21:15.050Z,0.64369,0.64503,0.64221,0.64316,1289,2
2026-05-13T10:21:15.050Z,0.64305,0.64476,0.64184,0.64427,1656,2
2026-05-13T11:21:15.050Z,0.64419,0.64584,0.64174,0.64299,1759,2
2026-05-13T12:21:15.050Z,0.64305,0.6465,0.63589,0.63996,2589,2
2026-05-13T13:21:15.050Z,0.64011,0.64037,0.63978,0.64023,1407,2
2026-05-13T14:21:15.050Z,0.6401,0.64468,0.63627,0.64286,2176,2
2026-05-13T15:21:15.050Z,0.64302,0.64462,0.64252,0.6442,2012,2
2026-05-13T16:21:15.050Z,0.64415,0.64878,0.63888,0.6467,2299,2
2026-05-13T17:21:15.050Z,0.64664,0.648,0.64432,0.64521,1882,2
2026-05-13T18:21:15.050Z,0.64508,0.64533,0.64434,0.64462,1581,2
2026-05-13T19:21:15.050Z,0.64463,0.64484,0.64414,0.64453,1552,2
2026-05-13T20:21:15.050Z,0.64454,0.65359,0.63922,0.64788,1979,2
2026-05-13T21:21:15.050Z,0.64776,0.65085,0.64447,0.64593,2102,2
2026-05-13T22:21:15.050Z,0.64579,0.64998,0.6397,0.64279,1796,2
2026-05-13T23:21:15.050Z,0.64263,0.64507,0.63985,0.64099,1700,2
2026-05-14T00:21:15.050Z,0.64096,0.64699,0.63807,0.64287,1692,2
2026-05-14T01:21:15.050Z,0.64275,0.64298,0.64249,0.6428,1327,2
2026-05-14T02:21:15.050Z,0.64268,0.64436,0.64163,0.6437,1455,2
2026-05-14T03:21:15.050Z,0.6438,0.64412,0.64355,0.6438,998,2
2026-05-14T04:21:15.050Z,0.64376,0.64836,0.64279,0.6455,1612,2
2026-05-14T05:21:15.050Z,0.6456,0.65008,0.64348,0.64755,2274,2
2026-05-14T06:21:15.050Z,0.6474,0.65344,0.6458,0.64933,2025,2
2026-05-14T07:21:15.050Z,0.6492,0.65007,0.64884,0.64951,1764,2
2026-05-14T08:21:15.050Z,0.64942,0.65069,0.64632,0.64801,1950,2
2026-05-14T09:21:15.050Z,0.64784,0.64933,0.64361,0.64663,1198,2
2026-05-14T10:21:15.050Z,0.64646,0.6474,0.646,0.64684,1457,2
2026-05-14T11:21:15.050Z,0.64679,0.64694,0.64633,0.64677,1735,2
2026-05-14T12:21:15.050Z,0.64661,0.64767,0.6441,0.64585,1954,2
2026-05-14T13:21:15.050Z,0.64588,0.64665,0.64569,0.64621,996,2
2026-05-14T14:21:15.050Z,0.64609,0.64855,0.64286,0.64452,1671,2
2026-05-14T15:21:15.050Z,0.64452,0.64643,0.64344,0.64586,1858,2
2026-05-14T16:21:15.050Z,0.64574,0.64866,0.64162,0.6443,1885,2
2026-05-14T17:21:15.050Z,0.64431,0.64942,0.64171,0.64671,2002,2
2026-05-14T18:21:15.050Z,0.6468,0.64836,0.64218,0.64422,1793,2
2026-05-14T19:21:15.050Z,0.6441,0.6448,0.64059,0.6432,1843,2
2026-05-14T20:21:15.050Z,0.6433,0.64548,0.63836,0.64178,1841,2
2026-05-14T21:21:15.050Z,0.64185,0.64229,0.64148,0.64172,1649,2
2026-05-14T22:21:15.050Z,0.6419,0.64279,0.64168,0.6423,1705,2
2026-05-14T23:21:15.050Z,0.64224,0.64267,0.64082,0.64138,1266,2
2026-05-15T00:21:15.050Z,0.64142,0.64492,0.63492,0.63914,2041,2
2026-05-15T01:21:15.050Z,0.63902,0.6394,0.63845,0.63885,1671,2
2026-05-15T02:21:15.050Z,0.6387,0.64211,0.63623,0.64097,2162,2
2026-05-15T03:21:15.050Z,0.64099,0.64178,0.63937,0.64007,1867,2
2026-05-15T04:21:15.050Z,0.64023,0.64199,0.63964,0.6408,1261,2
2026-05-15T05:21:15.050Z,0.64088,0.64237,0.64028,0.64158,1608,2
2026-05-15T06:21:15.050Z,0.64156,0.64305,0.64037,0.64233,1424,2
2026-05-15T07:21:15.050Z,0.64242,0.64272,0.64177,0.64224,1568,2
2026-05-15T08:21:15.050Z,0.64232,0.64336,0.64167,0.64285,1211,2
2026-05-15T09:21:15.050Z,0.64278,0.64312,0.6415,0.64191,1201,2
2026-05-15T10:21:15.050Z,0.64176,0.64291,0.63995,0.64058,1801,2
2026-05-15T11:21:15.050Z,0.64059,0.64101,0.64019,0.64071,1559,2
2026-05-15T12:21:15.050Z,0.64081,0.64133,0.64043,0.641,1575,2
2026-05-15T13:21:15.050Z,0.64085,0.64247,0.63996,0.6416,1580,2
2026-05-15T14:21:15.050Z,0.64165,0.64434,0.64064,0.64266,1351,2
2026-05-15T15:21:15.050Z,0.64257,0.64516,0.63939,0.64163,1514,2
2026-05-15T16:21:15.050Z,0.64157,0.64397,0.64084,0.6422,1653,2
2026-05-15T17:21:15.050Z,0.64227,0.64493,0.63959,0.64134,1164,2
2026-05-15T18:21:15.050Z,0.6412,0.64259,0.64093,0.64231,1196,2
2026-05-15T19:21:15.050Z,0.64236,0.64293,0.64048,0.64106,2072,2
2026-05-15T20:21:15.050Z,0.64102,0.6483,0.63837,0.64319,1696,2
2026-05-15T21:21:15.050Z,0.6432,0.64362,0.64283,0.64335,1579,2
2026-05-15T22:21:15.050Z,0.64327,0.64403,0.64138,0.64253,1161,2
2026-05-15T23:21:15.050Z,0.64269,0.64395,0.64199,0.64343,1952,2
2026-05-16T00:21:15.050Z,0.64329,0.64434,0.64282,0.64372,1267,2
2026-05-16T01:21:15.050Z,0.64386,0.65067,0.63632,0.64089,1804,2
2026-05-16T02:21:15.050Z,0.64074,0.64094,0.64003,0.6403,1444,2
2026-05-16T03:21:15.050Z,0.6402,0.64436,0.63657,0.64268,2160,2
2026-05-16T04:21:15.050Z,0.64259,0.64496,0.64155,0.64416,1330,2
2026-05-16T05:21:15.050Z,0.64413,0.64493,0.64277,0.64347,1582,2
2026-05-16T06:21:15.050Z,0.64348,0.64404,0.64236,0.64274,1756,2
2026-05-16T07:21:15.050Z,0.64264,0.64311,0.64087,0.642,1658,2
2026-05-16T08:21:15.050Z,0.64196,0.64518,0.64103,0.64422,1924,2
2026-05-16T09:21:15.050Z,0.64433,0.64598,0.64391,0.64517,1921,2
2026-05-16T10:21:15.050Z,0.64503,0.64679,0.63946,0.64286,1860,2
2026-05-16T11:21:15.050Z,0.64287,0.64731,0.63553,0.64021,1826,2
2026-05-16T12:21:15.050Z,0.64003,0.64299,0.63006,0.63595,2700,2
2026-05-16T13:21:15.050Z,0.63596,0.63705,0.63335,0.63484,2009,2
2026-05-16T14:21:15.050Z,0.63492,0.63878,0.63295,0.63706,2030,2
2026-05-16T15:21:15.050Z,0.63718,0.63733,0.63665,0.63699,1309,2
2026-05-16T16:21:15.050Z,0.63706,0.63838,0.63619,0.63775,1946,2
2026-05-16T17:21:15.050Z,0.6376,0.63796,0.63524,0.63618,1615,2
2026-05-16T18:21:15.050Z,0.63612,0.6372,0.63518,0.63658,1546,2
2026-05-16T19:21:15.050Z,0.63646,0.64209,0.62898,0.63211,2438,2
2026-05-16T20:21:15.050Z,0.63205,0.63223,0.63162,0.63183,1517,2
2026-05-16T21:21:15.050Z,0.63179,0.63365,0.63092,0.63299,1758,2
2026-05-16T22:21:15.050Z,0.63315,0.6351,0.63203,0.63412,1747,2
2026-05-16T23:21:15.050Z,0.63423,0.63768,0.63148,0.63604,2137,2
2026-05-17T00:21:15.050Z,0.63596,0.63733,0.63486,0.63681,1670,2
2026-05-17T01:21:15.050Z,0.63663,0.63856,0.63576,0.63726,1388,2
2026-05-17T02:21:15.050Z,0.63714,0.63887,0.63642,0.63796,1919,2
2026-05-17T03:21:15.050Z,0.63786,0.64145,0.63555,0.64014,1996,2
2026-05-17T04:21:15.050Z,0.64015,0.64049,0.63976,0.64005,1466,2
2026-05-17T05:21:15.050Z,0.63991,0.64178,0.63904,0.64107,1916,2
2026-05-17T06:21:15.050Z,0.64107,0.64174,0.64076,0.64137,1697,2
2026-05-17T07:21:15.050Z,0.64154,0.64211,0.64008,0.641,1279,2
2026-05-17T08:21:15.050Z,0.64095,0.64249,0.63964,0.64189,1304,2
2026-05-17T09:21:15.050Z,0.64204,0.64253,0.64086,0.64139,1910,2
2026-05-17T10:21:15.050Z,0.6415,0.64179,0.64114,0.64161,1585,2
2026-05-17T11:21:15.050Z,0.64168,0.64356,0.63975,0.64289,1537,2
2026-05-17T12:21:15.050Z,0.64301,0.64518,0.64078,0.6444,1261,2
2026-05-17T13:21:15.050Z,0.64455,0.64498,0.64401,0.64442,1431,2
2026-05-17T14:21:15.050Z,0.64452,0.64549,0.64436,0.64512,1438,2
2026-05-17T15:21:15.050Z,0.64511,0.64736,0.64225,0.64382,1448,2
2026-05-17T16:21:15.050Z,0.64373,0.64518,0.64254,0.64467,1577,2
2026-05-17T17:21:15.050Z,0.64458,0.6449,0.64431,0.64451,951,2
2026-05-17T18:21:15.050Z,0.6444,0.64484,0.64292,0.64376,1297,2
2026-05-17T19:21:15.050Z,0.64364,0.64497,0.64228,0.64302,1170,2
2026-05-17T20:21:15.050Z,0.64312,0.6472,0.64181,0.64462,1383,2
2026-05-17T21:21:15.050Z,0.64455,0.64599,0.64261,0.64386,1416,2
2026-05-17T22:21:15.050Z,0.64393,0.64498,0.6438,0.64468,1312,2
2026-05-17T23:21:15.050Z,0.64472,0.64542,0.64173,0.64377,1519,2
2026-05-18T00:21:15.050Z,0.64363,0.64505,0.64156,0.6428,1254,2
2026-05-18T01:21:15.050Z,0.64297,0.65041,0.63872,0.64543,1593,2
2026-05-18T02:21:15.050Z,0.64555,0.64585,0.64483,0.64511,1416,2
2026-05-18T03:21:15.050Z,0.64526,0.64639,0.64478,0.64609,1437,2
2026-05-18T04:21:15.050Z,0.64602,0.64759,0.64568,0.64699,1904,2
2026-05-18T05:21:15.050Z,0.64693,0.65576,0.64184,0.6493,2276,2
2026-05-18T06:21:15.050Z,0.64916,0.65155,0.64707,0.64777,1793,2
2026-05-18T07:21:15.050Z,0.64789,0.6515,0.64684,0.6496,1552,2
2026-05-18T08:21:15.050Z,0.64967,0.65047,0.64809,0.64872,1389,2
2026-05-18T09:21:15.050Z,0.64887,0.65075,0.64833,0.64955,1328,2
2026-05-18T10:21:15.050Z,0.64963,0.65229,0.64815,0.65148,2231,2
2026-05-18T11:21:15.050Z,0.6513,0.6527,0.64794,0.65016,1516,2
2026-05-18T12:21:15.050Z,0.65008,0.65578,0.64648,0.65217,2283,2
2026-05-18T13:21:15.050Z,0.65203,0.65581,0.64633,0.64993,1527,2
2026-05-18T14:21:15.050Z,0.65,0.65418,0.64339,0.64661,2616,2
2026-05-18T15:21:15.050Z,0.64652,0.65251,0.64328,0.64913,1631,2
2026-05-18T16:21:15.050Z,0.6493,0.65544,0.64378,0.65213,2327,2
2026-05-18T17:21:15.050Z,0.65205,0.65524,0.64564,0.64935,1693,2
2026-05-18T18:21:15.050Z,0.64943,0.65207,0.63881,0.64602,2499,2
2026-05-18T19:21:15.050Z,0.64599,0.64786,0.64097,0.64287,2583,2
2026-05-18T20:21:15.050Z,0.64289,0.64548,0.63353,0.64034,2317,2
2026-05-18T21:21:15.050Z,0.64025,0.64069,0.63959,0.63987,964,2
2026-05-18T22:21:15.050Z,0.63977,0.64544,0.62936,0.63601,2365,2
2026-05-18T23:21:15.050Z,0.63606,0.64121,0.63436,0.63789,2008,2
2026-05-19T00:21:15.050Z,0.63783,0.64003,0.6324,0.63492,2111,2
2026-05-19T01:21:15.050Z,0.63507,0.63802,0.62984,0.63248,1771,2
2026-05-19T02:21:15.050Z,0.63261,0.63436,0.63037,0.63135,1842,2
2026-05-19T03:21:15.050Z,0.63121,0.63329,0.63047,0.63254,1304,2
2026-05-19T04:21:15.050Z,0.63244,0.63994,0.6273,0.63468,2215,2
2026-05-19T05:21:15.050Z,0.63464,0.63606,0.63387,0.63527,1590,2
2026-05-19T06:21:15.050Z,0.63541,0.63613,0.63437,0.635,1765,2
2026-05-19T07:21:15.050Z,0.6351,0.63557,0.63467,0.63489,1007,2
2026-05-19T08:21:15.050Z,0.63497,0.6353,0.63452,0.63515,1407,2
2026-05-19T09:21:15.050Z,0.6351,0.63652,0.63484,0.63579,1826,2
2026-05-19T10:21:15.050Z,0.63584,0.63673,0.6305,0.63324,2414,2
2026-05-19T11:21:15.050Z,0.63329,0.63784,0.63188,0.63442,1974,2
2026-05-19T12:21:15.050Z,0.63457,0.63563,0.63179,0.63321,1745,2
2026-05-19T13:21:15.050Z,0.63331,0.63474,0.62808,0.63196,1491,2
2026-05-19T14:21:15.050Z,0.63192,0.63789,0.6306,0.63579,2069,2
2026-05-19T15:21:15.050Z,0.63563,0.63597,0.63372,0.6345,1789,2
2026-05-19T16:21:15.050Z,0.63455,0.63508,0.63326,0.63376,1110,2
2026-05-19T17:21:15.050Z,0.63386,0.6345,0.63339,0.63429,1612,2
2026-05-19T18:21:15.050Z,0.63442,0.63853,0.63354,0.63652,2018,2
2026-05-19T19:21:15.050Z,0.63636,0.63972,0.63386,0.63806,1605,2
2026-05-19T20:21:15.050Z,0.63791,0.63828,0.63739,0.63771,1554,2
2026-05-19T21:21:15.050Z,0.63788,0.63864,0.63775,0.63833,1269,2
2026-05-19T22:21:15.050Z,0.63838,0.64238,0.63598,0.64014,1864,2
2026-05-19T23:21:15.050Z,0.64022,0.64245,0.63648,0.63859,1396,2
2026-05-20T00:21:15.050Z,0.63873,0.64372,0.6363,0.64111,2020,2
2026-05-20T01:21:15.050Z,0.64108,0.64142,0.63961,0.63983,1719,2
2026-05-20T02:21:15.050Z,0.63985,0.64037,0.63774,0.63839,1685,2
2026-05-20T03:21:15.050Z,0.63845,0.63999,0.63523,0.63748,1188,2
2026-05-20T04:21:15.050Z,0.63752,0.63927,0.63679,0.63877,1365,2
2026-05-20T05:21:15.050Z,0.63879,0.64078,0.6378,0.63962,1399,2
2026-05-20T06:21:15.050Z,0.63965,0.64053,0.63784,0.63901,1044,2
2026-05-20T07:21:15.050Z,0.63892,0.63946,0.63871,0.63921,1738,2
2026-05-20T08:21:15.050Z,0.63908,0.6405,0.63861,0.64005,1887,2
2026-05-20T09:21:15.050Z,0.6401,0.64073,0.63834,0.63931,1739,2
2026-05-20T10:21:15.050Z,0.63922,0.64109,0.63888,0.64032,1926,2
2026-05-20T11:21:15.050Z,0.64021,0.64116,0.63945,0.64057,1631,2
2026-05-20T12:21:15.050Z,0.64068,0.64128,0.63976,0.64037,1124,2
2026-05-20T13:21:15.050Z,0.64047,0.64271,0.63651,0.63887,1330,2
2026-05-20T14:21:15.050Z,0.63897,0.64071,0.63813,0.63965,1125,2
2026-05-20T15:21:15.050Z,0.63955,0.64555,0.63626,0.64166,1792,2
2026-05-20T16:21:15.050Z,0.64159,0.64326,0.64136,0.64276,1269,2
2026-05-20T17:21:15.050Z,0.64271,0.6455,0.6417,0.64458,2121,2
2026-05-20T18:21:15.050Z,0.64469,0.64509,0.64427,0.64469,1622,2
2026-05-20T19:21:15.050Z,0.64473,0.64709,0.6441,0.64539,1720,2
2026-05-20T20:21:15.050Z,0.64551,0.64843,0.64349,0.64644,1531,2
2026-05-20T21:21:15.050Z,0.64652,0.64936,0.64572,0.64876,1912,2
2026-05-20T22:21:15.050Z,0.64874,0.65241,0.64729,0.65107,2371,2
2026-05-20T23:21:15.050Z,0.65124,0.65436,0.65043,0.65326,1707,2
2026-05-21T00:21:15.050Z,0.65333,0.65505,0.65106,0.65205,2058,2
2026-05-21T01:21:15.050Z,0.652,0.65356,0.64913,0.65068,1352,2
2026-05-21T02:21:15.050Z,0.65061,0.65395,0.64679,0.64908,1590,2
2026-05-21T03:21:15.050Z,0.64902,0.66207,0.63952,0.65233,2196,2
2026-05-21T04:21:15.050Z,0.65219,0.65312,0.65139,0.65182,1556,2
2026-05-21T05:21:15.050Z,0.65192,0.65221,0.65165,0.65197,1029,2
2026-05-21T06:21:15.050Z,0.65209,0.65253,0.65187,0.65232,1195,2
2026-05-21T07:21:15.050Z,0.65242,0.6529,0.6522,0.65264,1717,2
2026-05-21T08:21:15.050Z,0.65251,0.65336,0.6504,0.65141,1559,2
2026-05-21T09:21:15.050Z,0.65151,0.65353,0.65115,0.6523,1731,2
2026-05-21T10:21:15.050Z,0.65219,0.65245,0.65126,0.65167,1280,2
2026-05-21T11:21:15.050Z,0.65159,0.65506,0.64468,0.6488,1915,2
2026-05-21T12:21:15.050Z,0.64876,0.65105,0.64824,0.65023,1492,2
2026-05-21T13:21:15.050Z,0.65009,0.65674,0.64705,0.6525,2049,2
2026-05-21T14:21:15.050Z,0.65266,0.65351,0.64909,0.65162,1870,2
2026-05-21T15:21:15.050Z,0.65155,0.65479,0.64939,0.65361,2071,2
2026-05-21T16:21:15.050Z,0.65369,0.65608,0.6517,0.65273,1854,2
2026-05-21T17:21:15.050Z,0.65277,0.65557,0.65152,0.65376,1876,2
2026-05-21T18:21:15.050Z,0.65361,0.65391,0.65329,0.65345,1577,2
2026-05-21T19:21:15.050Z,0.65333,0.65479,0.65298,0.65452,1355,2
2026-05-21T20:21:15.050Z,0.65463,0.65797,0.65148,0.65304,1918,2
2026-05-21T21:21:15.050Z,0.65292,0.65331,0.65092,0.65198,1977,2
2026-05-21T22:21:15.050Z,0.65199,0.65298,0.65061,0.65096,1679,2
2026-05-21T23:21:15.050Z,0.65079,0.65178,0.6481,0.64948,1834,2
2026-05-22T00:21:15.050Z,0.64948,0.65141,0.64874,0.65057,2015,2
2026-05-22T01:21:15.050Z,0.65044,0.65059,0.64983,0.6502,1813,2
2026-05-22T02:21:15.050Z,0.6502,0.65114,0.64787,0.64879,1822,2
2026-05-22T03:21:15.050Z,0.64885,0.64935,0.64869,0.64906,1479,2
2026-05-22T04:21:15.050Z,0.64914,0.65216,0.64806,0.65131,2108,2
2026-05-22T05:21:15.050Z,0.65121,0.65143,0.65095,0.65119,1096,2
2026-05-22T06:21:15.050Z,0.65113,0.65772,0.64839,0.65365,1911,2
2026-05-22T07:21:15.050Z,0.65379,0.65668,0.64836,0.65229,1490,2
2026-05-22T08:21:15.050Z,0.65239,0.6548,0.65195,0.65357,1890,2
2026-05-22T09:21:15.050Z,0.65368,0.6549,0.6505,0.65256,1885,2
2026-05-22T10:21:15.050Z,0.65244,0.65311,0.65018,0.65095,1510,2
2026-05-22T11:21:15.050Z,0.65108,0.65179,0.65078,0.65152,1153,2
2026-05-22T12:21:15.050Z,0.65142,0.65208,0.65054,0.65103,1265,2
2026-05-22T13:21:15.050Z,0.65094,0.65215,0.64939,0.65013,1270,2
2026-05-22T14:21:15.050Z,0.65021,0.65185,0.64977,0.65102,1639,2
2026-05-22T15:21:15.050Z,0.65117,0.65489,0.64895,0.65265,1633,2
2026-05-22T16:21:15.050Z,0.65268,0.65328,0.65124,0.6519,1471,2
2026-05-22T17:21:15.050Z,0.65196,0.65215,0.65125,0.65171,1786,2
2026-05-22T18:21:15.050Z,0.65173,0.653,0.65053,0.65088,1101,2
2026-05-22T19:21:15.050Z,0.6509,0.65225,0.65014,0.65136,1778,2
2026-05-22T20:21:15.050Z,0.65135,0.65282,0.65123,0.65235,1736,2
2026-05-22T21:21:15.050Z,0.6523,0.65268,0.65161,0.65207,1797,2
2026-05-22T22:21:15.050Z,0.65216,0.65245,0.65139,0.65172,1140,2
2026-05-22T23:21:15.050Z,0.65182,0.65222,0.65155,0.65197,894,2
2026-05-23T00:21:15.050Z,0.65198,0.65245,0.65159,0.65176,1140,2
2026-05-23T01:21:15.050Z,0.65172,0.65353,0.65096,0.65296,1405,2
2026-05-23T02:21:15.050Z,0.65299,0.65377,0.65163,0.65246,1264,2
2026-05-23T03:21:15.050Z,0.65254,0.65323,0.6509,0.65186,1628,2
2026-05-23T04:21:15.050Z,0.65176,0.65504,0.64853,0.65008,1805,2
2026-05-23T05:21:15.050Z,0.65017,0.65185,0.64768,0.64913,1728,2
2026-05-23T06:21:15.050Z,0.64903,0.64994,0.64675,0.64772,1397,2
2026-05-23T07:21:15.050Z,0.64777,0.6493,0.64665,0.64891,2043,2
2026-05-23T08:21:15.050Z,0.64907,0.64974,0.64818,0.64858,1443,2
2026-05-23T09:21:15.050Z,0.64864,0.65066,0.64793,0.65003,1824,2
2026-05-23T10:21:15.050Z,0.65018,0.65148,0.64986,0.65079,1792,2
2026-05-23T11:21:15.050Z,0.65066,0.65092,0.64821,0.64899,2152,2
2026-05-23T12:21:15.050Z,0.64902,0.64948,0.64857,0.64905,1679,2
2026-05-23T13:21:15.050Z,0.64907,0.64957,0.64803,0.64855,1857,2
2026-05-23T14:21:15.050Z,0.64848,0.65025,0.64757,0.64935,1343,2
2026-05-23T15:21:15.050Z,0.64947,0.64966,0.6489,0.64929,1443,2
2026-05-23T16:21:15.050Z,0.64924,0.64967,0.64909,0.6494,949,2
2026-05-23T17:21:15.050Z,0.64945,0.65202,0.64857,0.65049,1606,2
2026-05-23T18:21:15.050Z,0.65046,0.65111,0.65015,0.65077,1313,2
2026-05-23T19:21:15.050Z,0.65084,0.65248,0.65046,0.652,1383,2
2026-05-23T20:21:15.050Z,0.65215,0.6546,0.65072,0.65392,1591,2
2026-05-23T21:21:15.050Z,0.65399,0.65903,0.6461,0.65104,2435,2
2026-05-23T22:21:15.050Z,0.65105,0.6529,0.64913,0.65196,1168,2
2026-05-23T23:21:15.050Z,0.65211,0.65619,0.64917,0.65379,1380,2
2026-05-24T00:21:15.050Z,0.65363,0.66155,0.64272,0.6504,2481,2
2026-05-24T01:21:15.050Z,0.65034,0.65104,0.64934,0.64991,1716,2
2026-05-24T02:21:15.050Z,0.65,0.65044,0.64959,0.64979,1440,2
2026-05-24T03:21:15.050Z,0.64975,0.65046,0.64698,0.64821,2079,2
2026-05-24T04:21:15.050Z,0.64829,0.65123,0.6447,0.64714,1640,2
2026-05-24T05:21:15.050Z,0.64726,0.64838,0.64632,0.64776,1278,2
2026-05-24T06:21:15.050Z,0.64784,0.6483,0.6468,0.64731,1047,2
2026-05-24T07:21:15.050Z,0.64727,0.64767,0.64705,0.64743,1524,2
2026-05-24T08:21:15.050Z,0.64741,0.6479,0.64432,0.64572,2020,2
2026-05-24T09:21:15.050Z,0.64589,0.64814,0.64289,0.64462,1519,2
2026-05-24T10:21:15.050Z,0.64469,0.64988,0.64218,0.64783,1865,2
2026-05-24T11:21:15.050Z,0.64793,0.64836,0.64781,0.64801,1493,2
2026-05-24T12:21:15.050Z,0.64808,0.64919,0.64787,0.64859,1889,2
2026-05-24T13:21:15.050Z,0.64861,0.64882,0.6482,0.64858,1060,2
2026-05-24T14:21:15.050Z,0.64866,0.64945,0.64821,0.64899,1609,2
2026-05-24T15:21:15.050Z,0.64908,0.65255,0.64692,0.65018,1793,2
2026-05-24T16:21:15.050Z,0.65008,0.6552,0.64693,0.65214,1739,2
2026-05-24T17:21:15.050Z,0.65228,0.65359,0.65165,0.65328,1250,2
2026-05-24T18:21:15.050Z,0.65327,0.657,0.65082,0.65505,1790,2
2026-05-24T19:21:15.050Z,0.65518,0.65632,0.6521,0.65343,2054,2
2026-05-24T20:21:15.050Z,0.65344,0.65363,0.65299,0.6534,975,2
2026-05-24T21:21:15.050Z,0.65326,0.6535,0.6528,0.65323,1021,2
2026-05-24T22:21:15.050Z,0.65309,0.6537,0.65294,0.65332,991,2
2026-05-24T23:21:15.050Z,0.65336,0.65663,0.64805,0.65162,1864,2
2026-05-25T00:21:15.050Z,0.65154,0.6519,0.65032,0.65093,1891,2
2026-05-25T01:21:15.050Z,0.65104,0.65149,0.65072,0.65132,1611,2
2026-05-25T02:21:15.050Z,0.65126,0.65298,0.65069,0.65239,1763,2
2026-05-25T03:21:15.050Z,0.65251,0.65412,0.65131,0.65343,1518,2
2026-05-25T04:21:15.050Z,0.65347,0.65387,0.65152,0.65278,1875,2
2026-05-25T05:21:15.050Z,0.65265,0.65463,0.65198,0.65326,1334,2
2026-05-25T06:21:15.050Z,0.65319,0.65408,0.65244,0.65351,1210,2
2026-05-25T07:21:15.050Z,0.65363,0.65393,0.6529,0.65334,1683,2
2026-05-25T08:21:15.050Z,0.65329,0.65395,0.65034,0.65222,1961,2
2026-05-25T09:21:15.050Z,0.65232,0.65599,0.64941,0.65096,1261,2
2026-05-25T10:21:15.050Z,0.65107,0.65848,0.64763,0.65343,1906,2
2026-05-25T11:21:15.050Z,0.65329,0.65361,0.65305,0.65345,961,2
2026-05-25T12:21:15.050Z,0.6533,0.65762,0.64862,0.65579,1843,2
2026-05-25T13:21:15.050Z,0.65572,0.65621,0.65404,0.65494,1677,2
2026-05-25T14:21:15.050Z,0.6551,0.65531,0.65441,0.65461,1807,2
2026-05-25T15:21:15.050Z,0.6546,0.6555,0.65435,0.65534,1694,2
2026-05-25T16:21:15.050Z,0.65546,0.65995,0.65429,0.65798,2135,2
2026-05-25T17:21:15.050Z,0.65806,0.65887,0.65718,0.65775,1135,2
2026-05-25T18:21:15.050Z,0.65786,0.65808,0.65752,0.65773,1589,2
2026-05-25T19:21:15.050Z,0.65757,0.65939,0.65671,0.65815,1119,2
2026-05-25T20:21:15.050Z,0.6582,0.66196,0.65533,0.66038,1740,2
2026-05-25T21:21:15.050Z,0.66022,0.66091,0.65803,0.65858,1960,2
2026-05-25T22:21:15.050Z,0.65869,0.659,0.65821,0.65869,1018,2
2026-05-25T23:21:15.050Z,0.65862,0.66554,0.65714,0.66245,2730,2
2026-05-26T00:21:15.050Z,0.66259,0.66446,0.6594,0.66058,1624,2
2026-05-26T01:21:15.050Z,0.6606,0.6628,0.65955,0.66211,2155,2
2026-05-26T02:21:15.050Z,0.6621,0.67068,0.65924,0.66497,2378,2
2026-05-26T03:21:15.050Z,0.66488,0.67421,0.66154,0.66784,1849,2
2026-05-26T04:21:15.050Z,0.668,0.66936,0.66771,0.66899,1901,2
2026-05-26T05:21:15.050Z,0.66897,0.67017,0.6651,0.66696,1427,2
2026-05-26T06:21:15.050Z,0.66703,0.66949,0.66566,0.66792,1864,2
2026-05-26T07:21:15.050Z,0.66804,0.66818,0.66763,0.66786,1186,2
2026-05-26T08:21:15.050Z,0.668,0.67272,0.66332,0.67052,1916,2
2026-05-26T09:21:15.050Z,0.67056,0.67132,0.67032,0.67107,1587,2
2026-05-26T10:21:15.050Z,0.67123,0.67196,0.66937,0.67027,1711,2
2026-05-26T11:21:15.050Z,0.67024,0.67071,0.66875,0.66931,1172,2
2026-05-26T12:21:15.050Z,0.66918,0.67152,0.66835,0.67079,1979,2
2026-05-26T13:21:15.050Z,0.67068,0.67094,0.66929,0.67029,1853,2
2026-05-26T14:21:15.050Z,0.67042,0.67059,0.67005,0.67035,920,2
2026-05-26T15:21:15.050Z,0.67019,0.67421,0.66302,0.6683,1599,2
2026-05-26T16:21:15.050Z,0.66823,0.67075,0.66148,0.66531,2046,2
2026-05-26T17:21:15.050Z,0.66514,0.66645,0.66144,0.66288,1854,2
2026-05-26T18:21:15.050Z,0.66304,0.66609,0.66173,0.66472,1510,2
2026-05-26T19:21:15.050Z,0.66475,0.66547,0.66317,0.66375,1173,2
2026-05-26T20:21:15.050Z,0.66385,0.66484,0.65978,0.66201,1424,2
2026-05-26T21:21:15.050Z,0.66206,0.66525,0.65829,0.65994,1945,2
2026-05-26T22:21:15.050Z,0.66003,0.66226,0.65883,0.66155,2012,2
2026-05-26T23:21:15.050Z,0.66149,0.66394,0.65819,0.66274,2060,2
2026-05-27T00:21:15.050Z,0.66274,0.66566,0.65698,0.66093,2124,2
2026-05-27T01:21:15.050Z,0.66092,0.66522,0.65472,0.65847,2045,2
2026-05-27T02:21:15.050Z,0.65863,0.66013,0.65657,0.65775,1630,2
2026-05-27T03:21:15.050Z,0.65771,0.65833,0.65726,0.65806,1850,2
2026-05-27T04:21:15.050Z,0.6579,0.65836,0.65662,0.65751,1489,2
2026-05-27T05:21:15.050Z,0.65749,0.66273,0.65327,0.65531,1484,2
2026-05-27T06:21:15.050Z,0.65546,0.6567,0.65451,0.65594,1484,2
2026-05-27T07:21:15.050Z,0.65594,0.65644,0.65566,0.65603,1742,2
2026-05-27T08:21:15.050Z,0.656,0.65648,0.65559,0.65608,1001,2
2026-05-27T09:21:15.050Z,0.65602,0.65639,0.65464,0.65546,1755,2
2026-05-27T10:21:15.050Z,0.65543,0.65631,0.65516,0.65597,1350,2
2026-05-27T11:21:15.050Z,0.65585,0.65793,0.65508,0.65701,1880,2
2026-05-27T12:21:15.050Z,0.65698,0.65745,0.65476,0.6562,1126,2
2026-05-27T13:21:15.050Z,0.65609,0.65683,0.65541,0.65648,1737,2
2026-05-27T14:21:15.050Z,0.65642,0.65938,0.65231,0.65495,1400,2
2026-05-27T15:21:15.050Z,0.65506,0.65543,0.65436,0.6548,945,2
2026-05-27T16:21:15.050Z,0.65463,0.65516,0.65345,0.65403,1844,2
2026-05-27T17:21:15.050Z,0.65412,0.65722,0.65117,0.65553,2121,2
2026-05-27T18:21:15.050Z,0.65565,0.65979,0.65203,0.65755,2211,2
2026-05-27T19:21:15.050Z,0.65753,0.65827,0.65647,0.65697,1478,2
2026-05-27T20:21:15.050Z,0.65688,0.65802,0.65603,0.65643,1090,2
2026-05-27T21:21:15.050Z,0.65631,0.6606,0.65484,0.65766,2013,2
2026-05-27T22:21:15.050Z,0.65784,0.65803,0.65726,0.65766,1031,2
2026-05-27T23:21:15.050Z,0.65752,0.65931,0.65717,0.65853,1366,2
2026-05-28T00:21:15.050Z,0.65857,0.66446,0.65281,0.65622,1641,2
2026-05-28T01:21:15.050Z,0.65637,0.6569,0.65599,0.65656,1726,2
2026-05-28T02:21:15.050Z,0.65654,0.6593,0.65288,0.65485,2184,2
2026-05-28T03:21:15.050Z,0.65477,0.65765,0.65421,0.65589,1282,2
2026-05-28T04:21:15.050Z,0.6558,0.65616,0.65535,0.65556,1075,2
2026-05-28T05:21:15.050Z,0.65565,0.65824,0.65376,0.65473,1849,2
2026-05-28T06:21:15.050Z,0.6549,0.65539,0.65413,0.65452,1318,2
2026-05-28T07:21:15.050Z,0.65468,0.65524,0.65244,0.65403,1380,2
2026-05-28T08:21:15.050Z,0.65411,0.65609,0.65291,0.6553,1289,2
2026-05-28T09:21:15.050Z,0.65521,0.65535,0.65422,0.65465,1596,2
2026-05-28T10:21:15.050Z,0.65473,0.65669,0.64753,0.65071,2651,2
2026-05-28T11:21:15.050Z,0.65075,0.65182,0.64763,0.64878,2025,2
2026-05-28T12:21:15.050Z,0.64887,0.65633,0.64644,0.65279,2859,2
2026-05-28T13:21:15.050Z,0.65283,0.65646,0.64872,0.65448,2151,2
2026-05-28T14:21:15.050Z,0.65449,0.65467,0.65363,0.6541,1802,2
2026-05-28T15:21:15.050Z,0.65421,0.65721,0.65283,0.6563,1452,2
2026-05-28T16:21:15.050Z,0.65621,0.65658,0.65582,0.65595,1186,2
2026-05-28T17:21:15.050Z,0.65605,0.65685,0.65271,0.6543,1804,2
2026-05-28T18:21:15.050Z,0.65443,0.65564,0.65196,0.65283,1495,2
2026-05-28T19:21:15.050Z,0.65266,0.65709,0.64397,0.64921,1903,2
2026-05-28T20:21:15.050Z,0.64926,0.65288,0.64766,0.65166,1683,2
2026-05-28T21:21:15.050Z,0.65155,0.65292,0.64854,0.65014,1789,2
2026-05-28T22:21:15.050Z,0.65021,0.6513,0.64936,0.65088,1197,2
2026-05-28T23:21:15.050Z,0.65095,0.65233,0.65051,0.65157,1829,2
2026-05-29T00:21:15.050Z,0.6517,0.6522,0.65097,0.65143,1700,2
2026-05-29T01:21:15.050Z,0.65137,0.65524,0.64722,0.65007,1289,2
2026-05-29T02:21:15.050Z,0.64994,0.65149,0.64906,0.65082,1785,2
2026-05-29T03:21:15.050Z,0.65067,0.65132,0.64952,0.65012,1498,2
2026-05-29T04:21:15.050Z,0.65003,0.65024,0.64943,0.64963,1325,2
2026-05-29T05:21:15.050Z,0.64977,0.65107,0.64667,0.6484,2093,2
2026-05-29T06:21:15.050Z,0.6483,0.65365,0.64571,0.65047,1884,2
2026-05-29T07:21:15.050Z,0.6506,0.65082,0.65022,0.65054,1235,2
2026-05-29T08:21:15.050Z,0.65068,0.65208,0.64903,0.64972,1246,2
2026-05-29T09:21:15.050Z,0.64964,0.65179,0.64642,0.64789,1983,2
2026-05-29T10:21:15.050Z,0.64792,0.64968,0.64486,0.64623,1347,2
2026-05-29T11:21:15.050Z,0.64606,0.65001,0.64537,0.64818,1827,2
2026-05-29T12:21:15.050Z,0.64803,0.65118,0.64611,0.64909,1662,2
2026-05-29T13:21:15.050Z,0.6492,0.6501,0.64775,0.64823,1827,2
2026-05-29T14:21:15.050Z,0.64826,0.65148,0.64425,0.64981,2102,2
2026-05-29T15:21:15.050Z,0.64964,0.65172,0.64867,0.65116,2157,2
2026-05-29T16:21:15.050Z,0.65106,0.65391,0.6483,0.65241,1978,2
2026-05-29T17:21:15.050Z,0.65248,0.65273,0.65231,0.6526,1327,2
2026-05-29T18:21:15.050Z,0.65251,0.65314,0.64994,0.65178,1214,2
2026-05-29T19:21:15.050Z,0.65182,0.65284,0.65162,0.65223,1653,2
2026-05-29T20:21:15.050Z,0.65212,0.65252,0.65144,0.65189,1417,2
2026-05-29T21:21:15.050Z,0.65172,0.65216,0.65149,0.65203,1049,2
2026-05-29T22:21:15.050Z,0.65212,0.65306,0.64949,0.65141,1514,2
2026-05-29T23:21:15.050Z,0.65126,0.65819,0.64861,0.65294,1794,2
2026-05-30T00:21:15.050Z,0.65302,0.65484,0.65216,0.65389,1150,2
2026-05-30T01:21:15.050Z,0.65384,0.65605,0.65307,0.65473,1945,2
2026-05-30T02:21:15.050Z,0.65471,0.65563,0.65151,0.65308,1795,2
2026-05-30T03:21:15.050Z,0.65316,0.65682,0.65089,0.65442,1470,2
2026-05-30T04:21:15.050Z,0.65446,0.65468,0.65351,0.65378,1065,2
2026-05-30T05:21:15.050Z,0.65374,0.65493,0.65292,0.65448,1433,2
2026-05-30T06:21:15.050Z,0.65457,0.6572,0.65375,0.65568,1784,2
2026-05-30T07:21:15.050Z,0.65561,0.65652,0.65509,0.65606,1113,2
2026-05-30T08:21:15.050Z,0.65594,0.65692,0.65352,0.65524,1246,2
2026-05-30T09:21:15.050Z,0.65536,0.65581,0.65457,0.655,974,2
2026-05-30T10:21:15.050Z,0.655,0.65532,0.65462,0.6551,1200,2
2026-05-30T11:21:15.050Z,0.65504,0.65578,0.65282,0.65437,1153,2
2026-05-30T12:21:15.050Z,0.65429,0.65655,0.65361,0.65543,1956,2
2026-05-30T13:21:15.050Z,0.6556,0.66044,0.65387,0.65721,1427,2
2026-05-30T14:21:15.050Z,0.65733,0.66,0.65694,0.65926,2265,2
2026-05-30T15:21:15.050Z,0.65926,0.65993,0.65911,0.65945,1582,2
2026-05-30T16:21:15.050Z,0.65956,0.66321,0.65614,0.66109,1872,2
2026-05-30T17:21:15.050Z,0.66114,0.66168,0.65945,0.66049,1050,2
2026-05-30T18:21:15.050Z,0.66062,0.66097,0.66038,0.66061,926,2
2026-05-30T19:21:15.050Z,0.66052,0.66096,0.66032,0.66045,1568,2
2026-05-30T20:21:15.050Z,0.66031,0.66254,0.6573,0.65926,1665,2
2026-05-30T21:21:15.050Z,0.65913,0.66025,0.65592,0.65738,1426,2
2026-05-30T22:21:15.050Z,0.65721,0.65762,0.65609,0.65646,1157,2
2026-05-30T23:21:15.050Z,0.6563,0.65642,0.65565,0.65594,1561,2
2026-05-31T00:21:15.050Z,0.65583,0.65631,0.65551,0.65619,1043,2
2026-05-31T01:21:15.050Z,0.65627,0.6592,0.65314,0.65448,1981,2
2026-05-31T02:21:15.050Z,0.65444,0.65514,0.65115,0.65184,2283,2
2026-05-31T03:21:15.050Z,0.65174,0.65256,0.64713,0.64968,1545,2
2026-05-31T04:21:15.050Z,0.64972,0.6531,0.64778,0.65119,1559,2
2026-05-31T05:21:15.050Z,0.6513,0.65471,0.63886,0.64651,2404,2
2026-05-31T06:21:15.050Z,0.64658,0.64836,0.64276,0.64443,1953,2
2026-05-31T07:21:15.050Z,0.64431,0.64484,0.64299,0.64338,1600,2
2026-05-31T08:21:15.050Z,0.64331,0.64367,0.64266,0.64303,953,2
2026-05-31T09:21:15.050Z,0.643,0.64585,0.64093,0.64191,1341,2
2026-05-31T10:21:15.050Z,0.64204,0.64252,0.64073,0.64128,1914,2
2026-05-31T11:21:15.050Z,0.64136,0.64701,0.64022,0.64431,2081,2
2026-05-31T12:21:15.050Z,0.64432,0.64571,0.64198,0.64362,1920,2
2026-05-31T13:21:15.050Z,0.64375,0.65501,0.64124,0.6474,2741,2
2026-05-31T14:21:15.050Z,0.64751,0.65001,0.64512,0.64629,1217,2
2026-05-31T15:21:15.050Z,0.64622,0.64824,0.6453,0.64687,1061,2
2026-05-31T16:21:15.050Z,0.6467,0.64809,0.6408,0.64501,1963,2
2026-05-31T17:21:15.050Z,0.64489,0.64641,0.64353,0.64422,1484,2
2026-05-31T18:21:15.050Z,0.64414,0.64539,0.64277,0.64488,1692,2
2026-05-31T19:21:15.050Z,0.64486,0.64914,0.63737,0.64282,1892,2
2026-05-31T20:21:15.050Z,0.64268,0.64304,0.64188,0.64224,1667,2
2026-05-31T21:21:15.050Z,0.64229,0.64323,0.63895,0.63997,1685,2
2026-05-31T22:21:15.050Z,0.63984,0.64027,0.63925,0.63962,1532,2
2026-05-31T23:21:15.050Z,0.63958,0.6412,0.63557,0.63838,1931,2
2026-06-01T00:21:15.050Z,0.63853,0.63882,0.63798,0.63844,981,2
2026-06-01T01:21:15.050Z,0.6385,0.64081,0.63407,0.63628,1715,2
2026-06-01T02:21:15.050Z,0.63637,0.63947,0.635,0.63752,1318,2
2026-06-01T03:21:15.050Z,0.63769,0.6396,0.63751,0.63888,1955,2
2026-06-01T04:21:15.050Z,0.63882,0.64045,0.63284,0.63625,2477,2
2026-06-01T05:21:15.050Z,0.63611,0.63756,0.63373,0.63456,2009,2
2026-06-01T06:21:15.050Z,0.63472,0.63762,0.6341,0.63551,1430,2
2026-06-01T07:21:15.050Z,0.63544,0.64038,0.63022,0.63222,2232,2
2026-06-01T08:21:15.050Z,0.6321,0.63692,0.62366,0.6293,2314,2
2026-06-01T09:21:15.050Z,0.62935,0.63429,0.62702,0.63184,1994,2
2026-06-01T10:21:15.050Z,0.63179,0.6344,0.63037,0.63284,1290,2
2026-06-01T11:21:15.050Z,0.63278,0.63323,0.63239,0.6327,1663,2
2026-06-01T12:21:15.050Z,0.63282,0.63306,0.63219,0.63242,1190,2
2026-06-01T13:21:15.050Z,0.63251,0.63306,0.62983,0.63074,1919,2
2026-06-01T14:21:15.050Z,0.63062,0.63173,0.62754,0.62922,1567,2
2026-06-01T15:21:15.050Z,0.6292,0.63097,0.62578,0.62782,1817,2
2026-06-01T16:21:15.050Z,0.62772,0.62911,0.62563,0.62655,2082,2
2026-06-01T17:21:15.050Z,0.62644,0.62816,0.62499,0.62576,1516,2
2026-06-01T18:21:15.050Z,0.62591,0.62758,0.62279,0.62438,1608,2
2026-06-01T19:21:15.050Z,0.62455,0.62854,0.61983,0.6231,1493,2
2026-06-01T20:21:15.050Z,0.62319,0.625,0.61989,0.62209,1853,2
2026-06-01T21:21:15.050Z,0.62224,0.62241,0.62137,0.62198,1079,2
2026-06-01T22:21:15.050Z,0.62197,0.62495,0.61754,0.6202,1443,2
2026-06-01T23:21:15.050Z,0.62006,0.62044,0.61946,0.61988,1604,2
2026-06-02T00:21:15.050Z,0.61973,0.62127,0.61837,0.62039,1678,2
2026-06-02T01:21:15.050Z,0.62041,0.62526,0.6155,0.62329,2393,2
2026-06-02T02:21:15.050Z,0.62322,0.62382,0.62276,0.62359,1492,2
2026-06-02T03:21:15.050Z,0.62359,0.62438,0.6217,0.62236,1395,2
2026-06-02T04:21:15.050Z,0.62227,0.62334,0.6199,0.62143,1367,2
2026-06-02T05:21:15.050Z,0.62149,0.62578,0.62001,0.62343,2110,2
2026-06-02T06:21:15.050Z,0.62326,0.63072,0.62054,0.62617,2381,2
2026-06-02T07:21:15.050Z,0.62605,0.62827,0.62361,0.62508,1744,2
2026-06-02T08:21:15.050Z,0.62518,0.63849,0.61532,0.62925,2184,2
2026-06-02T09:21:15.050Z,0.62931,0.6319,0.62772,0.63034,2016,2
2026-06-02T10:21:15.050Z,0.63045,0.63479,0.6272,0.63278,2031,2
2026-06-02T11:21:15.050Z,0.63281,0.63664,0.6315,0.63428,1296,2
2026-06-02T12:21:15.050Z,0.63411,0.63677,0.63311,0.63606,1471,2
2026-06-02T13:21:15.050Z,0.63597,0.64639,0.63264,0.63948,2187,2
2026-06-02T14:21:15.050Z,0.63946,0.64307,0.63734,0.64173,2151,2
2026-06-02T15:21:15.050Z,0.64186,0.64704,0.63493,0.63886,2130,2
2026-06-02T16:21:15.050Z,0.63881,0.64452,0.63563,0.64172,1901,2
2026-06-02T17:21:15.050Z,0.6416,0.64601,0.63674,0.63981,2045,2
2026-06-02T18:21:15.050Z,0.63967,0.64194,0.63559,0.638,2062,2
2026-06-02T19:21:15.050Z,0.63811,0.64023,0.63748,0.63951,1657,2
2026-06-02T20:21:15.050Z,0.63951,0.63976,0.63921,0.6396,1127,2
2026-06-02T21:21:15.050Z,0.6395,0.64308,0.63844,0.64066,1852,2
2026-06-02T22:21:15.050Z,0.64078,0.6432,0.63962,0.64196,1509,2
2026-06-02T23:21:15.050Z,0.64193,0.64268,0.63967,0.6408,1971,2
2026-06-03T00:21:15.050Z,0.64088,0.644,0.63376,0.63845,2419,2
2026-06-03T01:21:15.050Z,0.63855,0.6388,0.63817,0.63868,1125,2
2026-06-03T02:21:15.050Z,0.63868,0.63912,0.63822,0.63843,949,2
2026-06-03T03:21:15.050Z,0.63859,0.63996,0.63465,0.63653,1705,2
2026-06-03T04:21:15.050Z,0.63665,0.64364,0.63389,0.63968,2299,2
2026-06-03T05:21:15.050Z,0.63981,0.64523,0.63477,0.64233,2035,2
2026-06-03T06:21:15.050Z,0.6424,0.64374,0.63741,0.64095,1632,2
2026-06-03T07:21:15.050Z,0.64106,0.64201,0.63804,0.63904,2038,2
2026-06-03T08:21:15.050Z,0.63898,0.63928,0.63829,0.63854,1299,2
2026-06-03T09:21:15.050Z,0.63861,0.64308,0.63384,0.63624,2336,2
2026-06-03T10:21:15.050Z,0.63608,0.63946,0.6327,0.63742,1861,2
2026-06-03T11:21:15.050Z,0.63748,0.64061,0.63584,0.63941,1435,2
2026-06-03T12:21:15.050Z,0.63952,0.64015,0.63923,0.63988,1521,2
2026-06-03T13:21:15.050Z,0.6399,0.64281,0.63807,0.64077,1521,2
2026-06-03T14:21:15.050Z,0.64075,0.64115,0.64041,0.64079,1238,2
2026-06-03T15:21:15.050Z,0.64089,0.64445,0.63323,0.63756,2645,2
2026-06-03T16:21:15.050Z,0.63767,0.63939,0.63726,0.63882,1813,2
2026-06-03T17:21:15.050Z,0.63867,0.64066,0.63649,0.6378,1848,2
2026-06-03T18:21:15.050Z,0.63786,0.63807,0.63717,0.63746,1857,2
2026-06-03T19:21:15.050Z,0.63732,0.64006,0.63666,0.63882,1707,2
2026-06-03T20:21:15.050Z,0.63884,0.64168,0.63719,0.63965,1548,2
2026-06-03T21:21:15.050Z,0.63959,0.64023,0.63935,0.63991,1513,2
2026-06-03T22:21:15.050Z,0.64002,0.6404,0.63862,0.63946,1572,2
2026-06-03T23:21:15.050Z,0.63946,0.6434,0.63353,0.63707,2059,2
2026-06-04T00:21:15.050Z,0.63696,0.63743,0.63684,0.63719,1664,2
2026-06-04T01:21:15.050Z,0.63715,0.63884,0.63471,0.63572,1305,2
2026-06-04T02:21:15.050Z,0.6356,0.63648,0.63427,0.63471,1159,2
2026-06-04T03:21:15.050Z,0.63476,0.63557,0.63267,0.63374,1593,2
2026-06-04T04:21:15.050Z,0.63386,0.63491,0.63325,0.63461,1314,2
2026-06-04T05:21:15.050Z,0.63453,0.63521,0.63288,0.63332,1938,2
2026-06-04T06:21:15.050Z,0.63324,0.63439,0.63287,0.63409,1141,2
2026-06-04T07:21:15.050Z,0.63425,0.63464,0.63402,0.63435,1667,2
2026-06-04T08:21:15.050Z,0.63418,0.63458,0.63288,0.63364,1136,2
2026-06-04T09:21:15.050Z,0.63354,0.637,0.62994,0.63173,2201,2
2026-06-04T10:21:15.050Z,0.63171,0.63219,0.63155,0.63207,1441,2
2026-06-04T11:21:15.050Z,0.6321,0.63686,0.62789,0.63021,2159,2
2026-06-04T12:21:15.050Z,0.63024,0.63107,0.62897,0.62943,1343,2
2026-06-04T13:21:15.050Z,0.62934,0.6298,0.62917,0.62964,1601,2
2026-06-04T14:21:15.050Z,0.62974,0.63504,0.62691,0.63203,1524,2
2026-06-04T15:21:15.050Z,0.63203,0.63344,0.62929,0.63024,2253,2
2026-06-04T16:21:15.050Z,0.63019,0.63054,0.62884,0.62974,1400,2
2026-06-04T17:21:15.050Z,0.62979,0.63165,0.6286,0.63054,1419,2
2026-06-04T18:21:15.050Z,0.63054,0.63128,0.6303,0.63089,1369,2
2026-06-04T19:21:15.050Z,0.63075,0.63122,0.63013,0.6305,934,2
2026-06-04T20:21:15.050Z,0.6306,0.63111,0.62882,0.62975,1864,2
2026-06-04T21:21:15.050Z,0.62971,0.63072,0.62734,0.6288,1731,2
2026-06-04T22:21:15.050Z,0.62864,0.62944,0.6243,0.62696,2141,2
2026-06-04T23:21:15.050Z,0.62693,0.62893,0.6234,0.62602,1704,2
2026-06-05T00:21:15.050Z,0.62603,0.62888,0.61932,0.62369,2179,2
2026-06-05T01:21:15.050Z,0.62353,0.62687,0.62126,0.62218,1839,2
2026-06-05T02:21:15.050Z,0.62204,0.62399,0.6205,0.6211,1494,2
2026-06-05T03:21:15.050Z,0.62127,0.62221,0.6181,0.61872,1690,2
2026-06-05T04:21:15.050Z,0.61876,0.6191,0.61724,0.61837,1399,2
2026-06-05T05:21:15.050Z,0.61825,0.62024,0.61748,0.6196,1990,2
2026-06-05T06:21:15.050Z,0.61972,0.62081,0.61814,0.61898,1246,2
2026-06-05T07:21:15.050Z,0.61909,0.61976,0.61881,0.61931,1713,2
2026-06-05T08:21:15.050Z,0.61939,0.61961,0.61891,0.61934,1250,2
2026-06-05T09:21:15.050Z,0.61947,0.61995,0.61883,0.61928,1377,2
2026-06-05T10:21:15.050Z,0.61929,0.62131,0.61711,0.62002,1081,2
2026-06-05T11:21:15.050Z,0.62009,0.62061,0.61877,0.61932,1933,2
2026-06-05T12:21:15.050Z,0.61946,0.61975,0.61864,0.61892,1076,2
2026-06-05T13:21:15.050Z,0.61895,0.61995,0.61678,0.61835,1916,2
2026-06-05T14:21:15.050Z,0.61844,0.61984,0.61675,0.61775,1943,2
2026-06-05T15:21:15.050Z,0.61759,0.61849,0.61686,0.61824,1677,2
2026-06-05T16:21:15.050Z,0.61817,0.61843,0.61737,0.61796,1744,2
2026-06-05T17:21:15.050Z,0.61794,0.62127,0.61751,0.61965,1470,2
2026-06-05T18:21:15.050Z,0.61979,0.62196,0.61771,0.62101,1917,2
2026-06-05T19:21:15.050Z,0.62099,0.62142,0.61997,0.62045,1885,2
2026-06-05T20:21:15.050Z,0.62062,0.62351,0.61733,0.62245,2127,2
2026-06-05T21:21:15.050Z,0.62252,0.62326,0.6214,0.62202,1021,2
2026-06-05T22:21:15.050Z,0.62195,0.62282,0.62058,0.62158,1484,2
2026-06-05T23:21:15.050Z,0.62167,0.6221,0.62142,0.62179,907,2
2026-06-06T00:21:15.050Z,0.62164,0.62348,0.61984,0.62067,1625,2
2026-06-06T01:21:15.050Z,0.62077,0.62475,0.61491,0.61874,1904,2
2026-06-06T02:21:15.050Z,0.61866,0.62083,0.61776,0.62007,1444,2
2026-06-06T03:21:15.050Z,0.6199,0.62249,0.61954,0.62183,1824,2
2026-06-06T04:21:15.050Z,0.62191,0.62333,0.62101,0.62238,1010,2
2026-06-06T05:21:15.050Z,0.62254,0.62385,0.62024,0.62139,1886,2
2026-06-06T06:21:15.050Z,0.62133,0.62172,0.62037,0.62072,1534,2
2026-06-06T07:21:15.050Z,0.62073,0.62218,0.61619,0.61925,1705,2
2026-06-06T08:21:15.050Z,0.61917,0.62118,0.61602,0.61777,1716,2
2026-06-06T09:21:15.050Z,0.61783,0.62048,0.61391,0.61569,1859,2
2026-06-06T10:21:15.050Z,0.61584,0.61623,0.61271,0.61401,1515,2
2026-06-06T11:21:15.050Z,0.61392,0.61706,0.61313,0.61525,1828,2
2026-06-06T12:21:15.050Z,0.61542,0.6171,0.61507,0.61665,1734,2
2026-06-06T13:21:15.050Z,0.61671,0.61806,0.6158,0.61734,1556,2
2026-06-06T14:21:15.050Z,0.61733,0.62102,0.61049,0.61512,1627,2
2026-06-06T15:21:15.050Z,0.61499,0.61624,0.61477,0.61602,1548,2
2026-06-06T16:21:15.050Z,0.61597,0.61685,0.61418,0.61522,1647,2
2026-06-06T17:21:15.050Z,0.61519,0.61568,0.61484,0.61528,1775,2
2026-06-06T18:21:15.050Z,0.61541,0.61625,0.61381,0.61467,1669,2
2026-06-06T19:21:15.050Z,0.61484,0.6154,0.61351,0.61415,1068,2
2026-06-06T20:21:15.050Z,0.6141,0.61858,0.60916,0.61247,1745,2
2026-06-06T21:21:15.050Z,0.61246,0.61267,0.61207,0.61241,1127,2
2026-06-06T22:21:15.050Z,0.61239,0.61269,0.61204,0.6124,1610,2
2026-06-06T23:21:15.050Z,0.61225,0.61433,0.61134,0.61297,1072,2
2026-06-07T00:21:15.050Z,0.61303,0.61371,0.61261,0.61345,1801,2
2026-06-07T01:21:15.050Z,0.61335,0.61362,0.61291,0.61315,1549,2
2026-06-07T02:21:15.050Z,0.61329,0.61374,0.61293,0.61347,928,2
2026-06-07T03:21:15.050Z,0.61346,0.61798,0.61048,0.61537,1859,2
2026-06-07T04:21:15.050Z,0.61526,0.62061,0.61018,0.61306,2255,2
2026-06-07T05:21:15.050Z,0.6129,0.61345,0.6118,0.61262,1789,2
2026-06-07T06:21:15.050Z,0.61252,0.6155,0.6107,0.61421,1634,2
2026-06-07T07:21:15.050Z,0.61406,0.61423,0.61345,0.61371,1033,2
2026-06-07T08:21:15.050Z,0.61385,0.61426,0.61356,0.61403,1646,2
2026-06-07T09:21:15.050Z,0.61386,0.61473,0.61347,0.61433,1140,2
2026-06-07T10:21:15.050Z,0.61436,0.61456,0.61394,0.61432,913,2
2026-06-07T11:21:15.050Z,0.61436,0.61725,0.60917,0.61207,2384,2
2026-06-07T12:21:15.050Z,0.61222,0.61448,0.61067,0.61392,1492,2
2026-06-07T13:21:15.050Z,0.61398,0.61485,0.61199,0.61239,2188,2
2026-06-07T14:21:15.050Z,0.61242,0.61488,0.60608,0.60988,2357,2
2026-06-07T15:21:15.050Z,0.61,0.61063,0.60865,0.60921,1548,2
2026-06-07T16:21:15.050Z,0.60916,0.60963,0.60846,0.60888,1400,2
2026-06-07T17:21:15.050Z,0.60904,0.61698,0.59416,0.60473,2316,2
2026-06-07T18:21:15.050Z,0.60491,0.61733,0.59593,0.60825,2584,2
2026-06-07T19:21:15.050Z,0.60822,0.6088,0.60731,0.60758,1531,2
2026-06-07T20:21:15.050Z,0.60766,0.61098,0.60519,0.60888,2003,2
2026-06-07T21:21:15.050Z,0.60871,0.61085,0.60752,0.60985,1978,2
2026-06-07T22:21:15.050Z,0.60971,0.61246,0.60849,0.61058,1775,2
2026-06-07T23:21:15.050Z,0.61059,0.61225,0.60769,0.60962,1420,2
2026-06-08T00:21:15.050Z,0.60978,0.61012,0.60932,0.60955,1646,2
2026-06-08T01:21:15.050Z,0.60949,0.61505,0.59807,0.60597,2690,2
2026-06-08T02:21:15.050Z,0.60595,0.60907,0.60477,0.60816,2203,2
2026-06-08T03:21:15.050Z,0.60813,0.61226,0.60515,0.61005,1541,2
2026-06-08T04:21:15.050Z,0.6101,0.61818,0.59927,0.6066,2034,2
2026-06-08T05:21:15.050Z,0.60676,0.60925,0.60326,0.60478,1987,2
2026-06-08T06:21:15.050Z,0.60475,0.60574,0.60397,0.60516,1248,2
2026-06-08T07:21:15.050Z,0.6052,0.60628,0.60276,0.6036,2145,2
2026-06-08T08:21:15.050Z,0.60349,0.60399,0.60294,0.60327,1765,2
2026-06-08T09:21:15.050Z,0.60317,0.60555,0.60057,0.60458,1750,2
2026-06-08T10:21:15.050Z,0.60463,0.60481,0.6042,0.60455,1588,2
2026-06-08T11:21:15.050Z,0.60445,0.6109,0.60195,0.60708,1636,2
2026-06-08T12:21:15.050Z,0.60712,0.62252,0.60181,0.61178,2557,2
2026-06-08T13:21:15.050Z,0.61168,0.61365,0.61122,0.61235,1461,2
2026-06-08T14:21:15.050Z,0.61246,0.61916,0.60527,0.60939,1798,2
2026-06-08T15:21:15.050Z,0.60946,0.60981,0.60856,0.60887,1489,2
2026-06-08T16:21:15.050Z,0.60896,0.61253,0.60782,0.61085,1596,2
2026-06-08T17:21:15.050Z,0.61086,0.61309,0.6091,0.61152,1813,2
2026-06-08T18:21:15.050Z,0.61141,0.61266,0.61113,0.61218,1934,2
2026-06-08T19:21:15.050Z,0.61204,0.61492,0.6067,0.60982,1837,2
2026-06-08T20:21:15.050Z,0.60977,0.61017,0.60905,0.60923,1226,2
2026-06-08T21:21:15.050Z,0.60925,0.60964,0.60906,0.60925,1203,2
2026-06-08T22:21:15.050Z,0.60908,0.6106,0.60646,0.60727,1641,2
2026-06-08T23:21:15.050Z,0.60721,0.60831,0.60662,0.6078,1414,2
2026-06-09T00:21:15.050Z,0.60768,0.6092,0.60483,0.60577,1769,2
2026-06-09T01:21:15.050Z,0.60587,0.60765,0.60424,0.60648,1343,2
2026-06-09T02:21:15.050Z,0.60641,0.60878,0.60469,0.6074,1590,2
2026-06-09T03:21:15.050Z,0.6074,0.6076,0.60649,0.60694,1002,2
2026-06-09T04:21:15.050Z,0.60679,0.6082,0.60574,0.60621,1832,2
2026-06-09T05:21:15.050Z,0.60621,0.60773,0.6056,0.60728,1301,2
2026-06-09T06:21:15.050Z,0.60723,0.60768,0.60602,0.60639,1835,2
2026-06-09T07:21:15.050Z,0.60652,0.6094,0.59952,0.60461,1948,2
2026-06-09T08:21:15.050Z,0.60477,0.60748,0.60186,0.60333,2114,2
2026-06-09T09:21:15.050Z,0.60326,0.60622,0.60219,0.60448,1543,2
2026-06-09T10:21:15.050Z,0.60465,0.60568,0.60194,0.6031,1314,2
2026-06-09T11:21:15.050Z,0.60326,0.60395,0.603,0.60367,1051,2
2026-06-09T12:21:15.050Z,0.60378,0.60655,0.59932,0.6015,2355,2
2026-06-09T13:21:15.050Z,0.60153,0.6045,0.60082,0.60409,2335,2
2026-06-09T14:21:15.050Z,0.60407,0.6073,0.60179,0.6051,1334,2
2026-06-09T15:21:15.050Z,0.60513,0.60587,0.60444,0.60548,1040,2
2026-06-09T16:21:15.050Z,0.6056,0.60932,0.605,0.60742,1382,2
2026-06-09T17:21:15.050Z,0.60726,0.60829,0.60537,0.60659,1695,2
2026-06-09T18:21:15.050Z,0.60654,0.60706,0.606,0.60688,1841,2
2026-06-09T19:21:15.050Z,0.60697,0.60731,0.60611,0.60649,1813,2
2026-06-09T20:21:15.050Z,0.60661,0.61546,0.60375,0.6096,2582,2
2026-06-09T21:21:15.050Z,0.60952,0.61088,0.60932,0.61031,1900,2
2026-06-09T22:21:15.050Z,0.61037,0.61357,0.60885,0.61188,1451,2
2026-06-09T23:21:15.050Z,0.61193,0.61569,0.60985,0.61359,1921,2
2026-06-10T00:21:15.050Z,0.61373,0.61441,0.61003,0.61256,1524,2
2026-06-10T01:21:15.050Z,0.61271,0.61533,0.6122,0.61412,1925,2
2026-06-10T02:21:15.050Z,0.61408,0.61766,0.60819,0.6116,2194,2
2026-06-10T03:21:15.050Z,0.61167,0.613,0.6089,0.61055,1908,2
2026-06-10T04:21:15.050Z,0.61066,0.61151,0.60953,0.61029,1109,2
2026-06-10T05:21:15.050Z,0.6102,0.61104,0.6084,0.60915,1177,2
2026-06-10T06:21:15.050Z,0.60919,0.60985,0.60741,0.60836,1513,2
2026-06-10T07:21:15.050Z,0.60827,0.60982,0.60517,0.6073,1472,2
2026-06-10T08:21:15.050Z,0.60742,0.60813,0.60651,0.60686,1052,2
2026-06-10T09:21:15.050Z,0.60702,0.60835,0.60433,0.60565,1350,2
2026-06-10T10:21:15.050Z,0.60578,0.60596,0.6056,0.6058,1217,2
2026-06-10T11:21:15.050Z,0.60566,0.61166,0.59872,0.60333,1571,2
2026-06-10T12:21:15.050Z,0.60333,0.60559,0.60206,0.60473,1793,2
2026-06-10T13:21:15.050Z,0.60471,0.61303,0.59992,0.60842,2084,2
2026-06-10T14:21:15.050Z,0.60836,0.61071,0.60477,0.60672,2050,2
2026-06-10T15:21:15.050Z,0.60683,0.61127,0.6054,0.60837,1661,2
2026-06-10T16:21:15.050Z,0.6082,0.60946,0.60226,0.60376,2829,2
2026-06-10T17:21:15.050Z,0.60372,0.60416,0.60344,0.60377,969,2
2026-06-10T18:21:15.050Z,0.60392,0.60468,0.60356,0.6045,1727,2
2026-06-10T19:21:15.050Z,0.60456,0.60675,0.60418,0.60567,1915,2
2026-06-10T20:21:15.050Z,0.60574,0.61194,0.60175,0.60907,2128,2
2026-06-10T21:21:15.050Z,0.60913,0.61305,0.60161,0.60566,2387,2
2026-06-10T22:21:15.050Z,0.60553,0.61097,0.60099,0.60763,1821,2
2026-06-10T23:21:15.050Z,0.60748,0.60902,0.60302,0.60455,2324,2
2026-06-11T00:21:15.050Z,0.60462,0.60808,0.60271,0.60577,1481,2
2026-06-11T01:21:15.050Z,0.60565,0.60623,0.60502,0.60595,1328,2
2026-06-11T02:21:15.050Z,0.60591,0.60782,0.60515,0.607,1916,2
2026-06-11T03:21:15.050Z,0.60705,0.61044,0.60198,0.60887,1619,2
2026-06-11T04:21:15.050Z,0.60894,0.61808,0.60523,0.61259,2349,2
2026-06-11T05:21:15.050Z,0.61259,0.61299,0.61184,0.61206,1035,2
2026-06-11T06:21:15.050Z,0.61212,0.61239,0.61084,0.61153,1591,2
2026-06-11T07:21:15.050Z,0.61159,0.61376,0.61035,0.61267,1940,2
2026-06-11T08:21:15.050Z,0.61254,0.61466,0.61088,0.61385,1767,2
2026-06-11T09:21:15.050Z,0.61377,0.61402,0.61353,0.61366,1453,2
2026-06-11T10:21:15.050Z,0.61352,0.61381,0.61267,0.61315,1772,2
2026-06-11T11:21:15.050Z,0.61322,0.61878,0.60899,0.616,2225,2
2026-06-11T12:21:15.050Z,0.61604,0.61729,0.61021,0.61368,2264,2
2026-06-11T13:21:15.050Z,0.61354,0.61379,0.61314,0.61331,1626,2
2026-06-11T14:21:15.050Z,0.61319,0.61501,0.61003,0.61208,1206,2
2026-06-11T15:21:15.050Z,0.61196,0.61461,0.61053,0.61294,1161,2
2026-06-11T16:21:15.050Z,0.61299,0.61337,0.61173,0.61257,1425,2
2026-06-11T17:21:15.050Z,0.61242,0.61336,0.61015,0.61163,1150,2
2026-06-11T18:21:15.050Z,0.61175,0.61399,0.6105,0.61266,1269,2
2026-06-11T19:21:15.050Z,0.61256,0.61315,0.61218,0.61291,1334,2
2026-06-11T20:21:15.050Z,0.61295,0.61482,0.61023,0.61158,1606,2
2026-06-11T21:21:15.050Z,0.61156,0.61295,0.60905,0.61032,1348,2
2026-06-11T22:21:15.050Z,0.61025,0.61399,0.60803,0.6122,2042,2
2026-06-11T23:21:15.050Z,0.61228,0.61351,0.61171,0.61303,1817,2
2026-06-12T00:21:15.050Z,0.61304,0.61744,0.60906,0.61457,1963,2
2026-06-12T01:21:15.050Z,0.61439,0.61543,0.61421,0.61493,1446,2
2026-06-12T02:21:15.050Z,0.6148,0.61714,0.61346,0.61599,1533,2
2026-06-12T03:21:15.050Z,0.61599,0.62172,0.61488,0.61968,2462,2
2026-06-12T04:21:15.050Z,0.61978,0.62279,0.61831,0.62178,1458,2
2026-06-12T05:21:15.050Z,0.62162,0.62428,0.61943,0.62309,1741,2
2026-06-12T06:21:15.050Z,0.62293,0.62706,0.62206,0.62432,2040,2
2026-06-12T07:21:15.050Z,0.62434,0.62711,0.62199,0.62584,1660,2
2026-06-12T08:21:15.050Z,0.62587,0.62658,0.62404,0.6249,1430,2
2026-06-12T09:21:15.050Z,0.62505,0.62527,0.62451,0.62477,962,2
2026-06-12T10:21:15.050Z,0.62465,0.62511,0.62423,0.62496,1725,2
2026-06-12T11:21:15.050Z,0.6251,0.62589,0.62464,0.62567,1911,2
2026-06-12T12:21:15.050Z,0.62555,0.62619,0.62441,0.62515,1312,2
2026-06-12T13:21:15.050Z,0.62504,0.63131,0.62327,0.62791,2543,2
2026-06-12T14:21:15.050Z,0.62777,0.62808,0.62742,0.62788,1747,2
2026-06-12T15:21:15.050Z,0.6278,0.62864,0.62744,0.62803,1380,2
2026-06-12T16:21:15.050Z,0.62808,0.63128,0.62737,0.63028,2327,2
2026-06-12T17:21:15.050Z,0.63042,0.63101,0.63026,0.63084,1847,2
2026-06-12T18:21:15.050Z,0.63096,0.63286,0.62704,0.62973,1209,2
2026-06-12T19:21:15.050Z,0.62967,0.63006,0.62932,0.62967,1301,2
2026-06-12T20:21:15.050Z,0.62982,0.63391,0.62782,0.63139,1308,2
2026-06-12T21:21:15.050Z,0.63124,0.63252,0.63096,0.63179,1425,2
2026-06-12T22:21:15.050Z,0.63174,0.63292,0.63129,0.63239,1723,2
2026-06-12T23:21:15.050Z,0.6325,0.63444,0.63111,0.6333,1605,2
2026-06-13T00:21:15.050Z,0.63336,0.64097,0.63205,0.63668,1849,2
2026-06-13T01:21:15.050Z,0.63677,0.64023,0.63497,0.63779,1957,2
2026-06-13T02:21:15.050Z,0.63775,0.64017,0.63523,0.63628,1983,2
2026-06-13T03:21:15.050Z,0.63628,0.63745,0.63496,0.63554,1639,2
2026-06-13T04:21:15.050Z,0.63546,0.63619,0.63534,0.63587,1132,2
2026-06-13T05:21:15.050Z,0.63576,0.63613,0.63528,0.63594,1480,2
2026-06-13T06:21:15.050Z,0.63609,0.6367,0.63554,0.63585,997,2
2026-06-13T07:21:15.050Z,0.63596,0.63636,0.63532,0.63574,936,2
2026-06-13T08:21:15.050Z,0.63561,0.6365,0.63428,0.63474,1984,2
2026-06-13T09:21:15.050Z,0.63458,0.63534,0.63112,0.63337,1673,2
2026-06-13T10:21:15.050Z,0.63329,0.64293,0.62674,0.63633,2530,2
2026-06-13T11:21:15.050Z,0.63632,0.64014,0.63019,0.63347,2560,2
2026-06-13T12:21:15.050Z,0.63342,0.6405,0.629,0.63077,2091,2
2026-06-13T13:21:15.050Z,0.63067,0.63109,0.63042,0.63065,932,2
2026-06-13T14:21:15.050Z,0.63064,0.63343,0.62622,0.62893,1925,2
2026-06-13T15:21:15.050Z,0.62896,0.62992,0.62833,0.62927,1346,2
2026-06-13T16:21:15.050Z,0.62925,0.63179,0.62849,0.63031,1733,2
2026-06-13T17:21:15.050Z,0.63034,0.6342,0.62932,0.63341,1734,2
2026-06-13T18:21:15.050Z,0.6333,0.63836,0.63092,0.63567,2411,2
2026-06-13T19:21:15.050Z,0.63555,0.63809,0.63401,0.63683,1885,2
2026-06-13T20:21:15.050Z,0.63679,0.63727,0.63637,0.6369,1320,2
2026-06-13T21:21:15.050Z,0.63703,0.63883,0.63407,0.636,1336,2
2026-06-13T22:21:15.050Z,0.63601,0.63702,0.63575,0.63643,1224,2
2026-06-13T23:21:15.050Z,0.63652,0.63697,0.63607,0.63625,932,2
2026-06-14T00:21:15.050Z,0.63613,0.63638,0.63599,0.63615,969,2
2026-06-14T01:21:15.050Z,0.63618,0.63695,0.63359,0.63461,2057,2
2026-06-14T02:21:15.050Z,0.63468,0.63666,0.6309,0.63366,1388,2
2026-06-14T03:21:15.050Z,0.6338,0.63431,0.63364,0.63392,1159,2
2026-06-14T04:21:15.050Z,0.63393,0.63527,0.63333,0.6348,1577,2
2026-06-14T05:21:15.050Z,0.6349,0.63768,0.63262,0.63576,1754,2
2026-06-14T06:21:15.050Z,0.6358,0.63853,0.63486,0.6373,1690,2
2026-06-14T07:21:15.050Z,0.6372,0.63916,0.63634,0.63843,1871,2
2026-06-14T08:21:15.050Z,0.6383,0.6392,0.63789,0.63882,1148,2
2026-06-14T09:21:15.050Z,0.63878,0.63945,0.63772,0.63814,1391,2
2026-06-14T10:21:15.050Z,0.63826,0.64029,0.63732,0.63997,1820,2
2026-06-14T11:21:15.050Z,0.6398,0.64154,0.63857,0.64076,2016,2
2026-06-14T12:21:15.050Z,0.64077,0.64357,0.63991,0.6426,1620,2
2026-06-14T13:21:15.050Z,0.64258,0.64297,0.64216,0.64276,1445,2
2026-06-14T14:21:15.050Z,0.64266,0.6475,0.638,0.64459,1505,2
2026-06-14T15:21:15.050Z,0.64476,0.64609,0.64075,0.64334,1374,2
2026-06-14T16:21:15.050Z,0.6435,0.64397,0.64289,0.64314,1246,2
2026-06-14T17:21:15.050Z,0.64321,0.64405,0.64244,0.64354,1736,2
2026-06-14T18:21:15.050Z,0.64348,0.64409,0.63948,0.6409,1841,2
2026-06-14T19:21:15.050Z,0.64096,0.64383,0.63999,0.64277,2034,2
2026-06-14T20:21:15.050Z,0.64268,0.64498,0.64068,0.64146,1515,2
2026-06-14T21:21:15.050Z,0.64144,0.64204,0.64034,0.64101,1570,2
2026-06-14T22:21:15.050Z,0.64101,0.64151,0.6402,0.64062,1716,2
2026-06-14T23:21:15.050Z,0.64051,0.64246,0.6394,0.6416,1627,2
2026-06-15T00:21:15.050Z,0.64145,0.64166,0.64118,0.64142,926,2
2026-06-15T01:21:15.050Z,0.64134,0.65003,0.63423,0.64516,2820,2
2026-06-15T02:21:15.050Z,0.64533,0.64839,0.64088,0.6469,1622,2
2026-06-15T03:21:15.050Z,0.64692,0.6501,0.64437,0.64878,2222,2
2026-06-15T04:21:15.050Z,0.6489,0.64923,0.64803,0.64828,1124,2
2026-06-15T05:21:15.050Z,0.64816,0.65144,0.6458,0.6492,1776,2
2026-06-15T06:21:15.050Z,0.64932,0.65272,0.64425,0.64738,1674,2
2026-06-15T07:21:15.050Z,0.64729,0.65324,0.6364,0.64315,2695,2
2026-06-15T08:21:15.050Z,0.64326,0.65526,0.63707,0.64677,2401,2
2026-06-15T09:21:15.050Z,0.64679,0.64831,0.64592,0.64766,1970,2
2026-06-15T10:21:15.050Z,0.64758,0.65499,0.645,0.65213,2876,2
2026-06-15T11:21:15.050Z,0.65219,0.65534,0.65114,0.65334,1388,2
2026-06-15T12:21:15.050Z,0.6535,0.65475,0.65225,0.65305,1074,2
2026-06-15T13:21:15.050Z,0.65302,0.6589,0.65118,0.65618,1898,2
2026-06-15T14:21:15.050Z,0.65609,0.66065,0.65164,0.6536,1590,2
2026-06-15T15:21:15.050Z,0.65369,0.66021,0.64782,0.65597,2164,2
2026-06-15T16:21:15.050Z,0.65614,0.6612,0.65188,0.65913,2177,2
2026-06-15T17:21:15.050Z,0.65909,0.66019,0.65703,0.65815,1571,2
2026-06-15T18:21:15.050Z,0.65815,0.66595,0.65627,0.66067,1590,2
2026-06-15T19:21:15.050Z,0.66063,0.66198,0.65562,0.65779,2143,2
2026-06-15T20:21:15.050Z,0.65785,0.65871,0.65758,0.65837,1405,2
2026-06-15T21:21:15.050Z,0.65827,0.6626,0.6573,0.66033,1804,2
2026-06-15T22:21:15.050Z,0.66033,0.66374,0.65901,0.66149,1656,2
2026-06-15T23:21:15.050Z,0.66164,0.66277,0.65985,0.66059,1430,2
2026-06-16T00:21:15.050Z,0.66064,0.66401,0.65951,0.66345,1943,2
2026-06-16T01:21:15.050Z,0.66348,0.66502,0.66161,0.66244,1902,2
2026-06-16T02:21:15.050Z,0.66229,0.66768,0.66024,0.66539,1991,2
2026-06-16T03:21:15.050Z,0.66525,0.66643,0.66498,0.66602,1901,2
2026-06-16T04:21:15.050Z,0.66589,0.667,0.66389,0.66438,2136,2
2026-06-16T05:21:15.050Z,0.66437,0.66769,0.66078,0.66262,1825,2
2026-06-16T06:21:15.050Z,0.66249,0.66627,0.65978,0.66382,1803,2
2026-06-16T07:21:15.050Z,0.66383,0.66413,0.66342,0.66375,1628,2
2026-06-16T08:21:15.050Z,0.66367,0.66464,0.65935,0.66218,1879,2
2026-06-16T09:21:15.050Z,0.66201,0.66226,0.6615,0.66194,1508,2
2026-06-16T10:21:15.050Z,0.66184,0.66545,0.65988,0.66388,1917,2
2026-06-16T11:21:15.050Z,0.66393,0.66577,0.66328,0.66531,1922,2
2026-06-16T12:21:15.050Z,0.66518,0.66542,0.66464,0.66493,923,2
2026-06-16T13:21:15.050Z,0.66507,0.66577,0.66489,0.66529,1559,2
2026-06-16T14:21:15.050Z,0.66523,0.66661,0.66441,0.66601,1322,2
2026-06-16T15:21:15.050Z,0.66601,0.66656,0.66426,0.66513,1214,2
2026-06-16T16:21:15.050Z,0.66501,0.6676,0.66378,0.66658,1762,2
2026-06-16T17:21:15.050Z,0.66653,0.66744,0.66451,0.66589,1673,2
2026-06-16T18:21:15.050Z,0.66601,0.66897,0.66349,0.66755,1760,2
2026-06-16T19:21:15.050Z,0.66738,0.66953,0.66469,0.66558,2016,2
2026-06-16T20:21:15.050Z,0.66557,0.6657,0.66511,0.66555,1233,2
2026-06-16T21:21:15.050Z,0.66569,0.67035,0.66313,0.66782,1651,2
2026-06-16T22:21:15.050Z,0.66779,0.67676,0.66324,0.67135,2288,2
2026-06-16T23:21:15.050Z,0.67153,0.67317,0.66836,0.67025,1483,2
2026-06-17T00:21:15.050Z,0.67018,0.6709,0.66896,0.66983,954,2
2026-06-17T01:21:15.050Z,0.66996,0.67055,0.66743,0.66846,1560,2
2026-06-17T02:21:15.050Z,0.66858,0.66999,0.66784,0.66952,1298,2
2026-06-17T03:21:15.050Z,0.6696,0.67137,0.66927,0.67056,1204,2
2026-06-17T04:21:15.050Z,0.67044,0.67164,0.66893,0.66969,1930,2
2026-06-17T05:21:15.050Z,0.66973,0.67255,0.66877,0.67161,2095,2
2026-06-17T06:21:15.050Z,0.67158,0.67718,0.66632,0.67398,2107,2
2026-06-17T07:21:15.050Z,0.67383,0.67516,0.67325,0.67475,1789,2
2026-06-17T08:21:15.050Z,0.67467,0.6764,0.67405,0.67585,1371,2
2026-06-17T09:21:15.050Z,0.67593,0.67759,0.67112,0.67322,1936,2
2026-06-17T10:21:15.050Z,0.6733,0.68029,0.66814,0.67558,1949,2
2026-06-17T11:21:15.050Z,0.67572,0.67968,0.67465,0.67777,2218,2
2026-06-17T12:21:15.050Z,0.67771,0.685,0.6695,0.67513,2250,2
2026-06-17T13:21:15.050Z,0.67522,0.67615,0.67275,0.67403,1936,2
2026-06-17T14:21:15.050Z,0.6739,0.67692,0.66545,0.67178,1740,2
2026-06-17T15:21:15.050Z,0.67163,0.67381,0.67083,0.67327,1476,2
2026-06-17T16:21:15.050Z,0.67337,0.67497,0.66913,0.67131,2026,2
2026-06-17T17:21:15.050Z,0.67142,0.67234,0.66997,0.67057,1198,2
2026-06-17T18:21:15.050Z,0.67061,0.67192,0.67034,0.67125,1372,2
2026-06-17T19:21:15.050Z,0.6713,0.67428,0.66947,0.67309,1502,2
2026-06-17T20:21:15.050Z,0.67292,0.67973,0.66851,0.67526,1868,2
2026-06-17T21:21:15.050Z,0.67543,0.67889,0.6748,0.67737,2271,2
2026-06-17T22:21:15.050Z,0.67737,0.68004,0.67662,0.67912,1421,2
2026-06-17T23:21:15.050Z,0.67898,0.67935,0.67859,0.67902,1426,2
2026-06-18T00:21:15.050Z,0.67894,0.6815,0.67648,0.68045,1914,2
2026-06-18T01:21:15.050Z,0.68059,0.68086,0.68029,0.68043,974,2
2026-06-18T02:21:15.050Z,0.68031,0.68156,0.68003,0.68127,1289,2
2026-06-18T03:21:15.050Z,0.68118,0.68427,0.68061,0.68203,1527,2
2026-06-18T04:21:15.050Z,0.68218,0.68323,0.68095,0.68276,1118,2
2026-06-18T05:21:15.050Z,0.68285,0.68803,0.68132,0.68624,2035,2
2026-06-18T06:21:15.050Z,0.68607,0.69086,0.68233,0.68963,2603,2
2026-06-18T07:21:15.050Z,0.68971,0.69014,0.68717,0.68817,1911,2
2026-06-18T08:21:15.050Z,0.688,0.68848,0.68762,0.68816,1519,2
2026-06-18T09:21:15.050Z,0.68801,0.6891,0.68341,0.68494,1778,2
2026-06-18T10:21:15.050Z,0.68489,0.69137,0.68147,0.68754,1915,2
2026-06-18T11:21:15.050Z,0.68761,0.69583,0.67705,0.68491,1835,2
2026-06-18T12:21:15.050Z,0.68494,0.68649,0.67768,0.68223,2062,2
2026-06-18T13:21:15.050Z,0.68235,0.68344,0.68059,0.68121,1970,2
2026-06-18T14:21:15.050Z,0.68136,0.68182,0.68103,0.68122,1185,2
2026-06-18T15:21:15.050Z,0.6813,0.68512,0.6776,0.68319,1972,2
2026-06-18T16:21:15.050Z,0.68312,0.68593,0.6825,0.68492,2201,2
2026-06-18T17:21:15.050Z,0.68493,0.68542,0.68465,0.68514,1778,2
2026-06-18T18:21:15.050Z,0.68503,0.68846,0.68284,0.68643,1560,2
2026-06-18T19:21:15.050Z,0.68629,0.68699,0.68443,0.68527,1279,2
2026-06-18T20:21:15.050Z,0.68537,0.68816,0.68493,0.68727,1462,2
2026-06-18T21:21:15.050Z,0.68724,0.68837,0.68603,0.68776,1550,2
2026-06-18T22:21:15.050Z,0.68765,0.68789,0.68646,0.68698,1242,2
2026-06-18T23:21:15.050Z,0.687,0.68753,0.68667,0.68718,1601,2
2026-06-19T00:21:15.050Z,0.6871,0.68938,0.68473,0.68593,1601,2
2026-06-19T01:21:15.050Z,0.68589,0.6864,0.68564,0.68617,1156,2
2026-06-19T02:21:15.050Z,0.68634,0.68706,0.68546,0.686,1003,2
2026-06-19T03:21:15.050Z,0.68586,0.68777,0.68494,0.68677,1879,2
2026-06-19T04:21:15.050Z,0.68679,0.68847,0.68564,0.68768,1935,2
2026-06-19T05:21:15.050Z,0.68766,0.68958,0.68662,0.68866,1599,2
2026-06-19T06:21:15.050Z,0.68858,0.68983,0.68834,0.68935,1188,2
2026-06-19T07:21:15.050Z,0.68934,0.69292,0.68638,0.69062,1835,2
2026-06-19T08:21:15.050Z,0.69066,0.69537,0.68783,0.69274,2093,2
2026-06-19T09:21:15.050Z,0.69278,0.69471,0.69224,0.69371,1776,2
2026-06-19T10:21:15.050Z,0.69376,0.69573,0.69349,0.69543,1656,2
